"","Date_Date","Sheet.Name","Daily_New_Cases","Cases_White","Cases_Black","Deaths_White","Deaths_Black","cases_per_pop","cases_per_pop_white","cases_per_pop_black","cases_per_pop_latinx","cases_per_pop_asian","cases_per_pop_aian","cases_per_pop_hnpi","cases_per_pop_multi","cases_per_pop_other","cases_per_pop_hispanic","cases_per_pop_nonhispanic","deaths_per_pop","deaths_per_pop_white","deaths_per_pop_black","deaths_per_pop_latinx","deaths_per_pop_asian","deaths_per_pop_aian","deaths_per_pop_hnpi","deaths_per_pop_multi","deaths_per_pop_other","deaths_per_pop_hispanic","deaths_per_pop_nonhispanic","case_fatality","case_fatality_white","case_fatality_black","case_fatality_latinx","case_fatality_asian","case_fatality_aian","case_fatality_hnpi","case_fatality_multi","case_fatality_other","case_fatality_hispanic","case_fatality_nonhispanic"
"1",2020-06-03,"MIDetroit",NA,637,7278,94,1127,1642.01696805015,914.402193416878,1372.3401246382,NA,NA,NA,NA,NA,23874.8627881449,NA,NA,203.941490500698,134.935331524626,212.507188852329,NA,NA,NA,NA,NA,2579.58287596048,NA,NA,12.42,14.756671899529,15.4850233580654,NA,NA,NA,NA,NA,10.8045977011494,NA,NA
"2",2020-06-04,"MIDetroit",26,639,7301,94,1133,1645.85656164394,917.273157917402,1376.67700604335,NA,NA,NA,NA,NA,24094.4017563117,NA,NA,205.12290391417,134.935331524626,213.63854921889,NA,NA,NA,NA,NA,2634.4676180022,NA,NA,12.46,14.7104851330203,15.5184221339543,NA,NA,NA,NA,NA,10.9339407744875,NA,NA
"3",2020-06-05,"MIDetroit",NA,NA,NA,NA,NA,NA,NA,NA,NA,NA,NA,NA,NA,NA,NA,NA,NA,NA,NA,NA,NA,NA,NA,NA,NA,NA,NA,NA,NA,NA,NA,NA,NA,NA,NA,NA,NA,NA
"4",2020-06-06,"MIDetroit",NA,637,7352,93,1146,1655.01251559835,914.402193416878,1386.29356915912,NA,NA,NA,NA,NA,24149.2864983535,NA,NA,206.599670681011,133.499849274364,216.089830013105,NA,NA,NA,NA,NA,2579.58287596048,NA,NA,12.48,14.5996860282575,15.5875952121872,NA,NA,NA,NA,NA,10.6818181818182,NA,NA
"5",2020-06-07,"MIDetroit",NA,NA,NA,NA,NA,NA,NA,NA,NA,NA,NA,NA,NA,NA,NA,NA,NA,NA,NA,NA,NA,NA,NA,NA,NA,NA,NA,NA,NA,NA,NA,NA,NA,NA,NA,NA,NA,NA
"6",2020-06-08,"MIDetroit",NA,NA,NA,NA,NA,NA,NA,NA,NA,NA,NA,NA,NA,NA,NA,NA,NA,NA,NA,NA,NA,NA,NA,NA,NA,NA,NA,NA,NA,NA,NA,NA,NA,NA,NA,NA,NA,NA
"7",2020-06-09,"MIDetroit",NA,NA,NA,NA,NA,NA,NA,NA,NA,NA,NA,NA,NA,NA,NA,NA,NA,NA,NA,NA,NA,NA,NA,NA,NA,NA,NA,NA,NA,NA,NA,NA,NA,NA,NA,NA,NA,NA
"8",2020-06-10,"MIDetroit",NA,NA,NA,NA,NA,NA,NA,NA,NA,NA,NA,NA,NA,NA,NA,NA,NA,NA,NA,NA,NA,NA,NA,NA,NA,NA,NA,NA,NA,NA,NA,NA,NA,NA,NA,NA,NA,NA
"9",2020-06-11,"MIDetroit",NA,NA,NA,NA,NA,NA,NA,NA,NA,NA,NA,NA,NA,NA,NA,NA,NA,NA,NA,NA,NA,NA,NA,NA,NA,NA,NA,NA,NA,NA,NA,NA,NA,NA,NA,NA,NA,NA
"10",2020-06-12,"MIDetroit",NA,NA,NA,NA,NA,NA,NA,NA,NA,NA,NA,NA,NA,NA,NA,NA,NA,NA,NA,NA,NA,NA,NA,NA,NA,NA,NA,NA,NA,NA,NA,NA,NA,NA,NA,NA,NA,NA
"11",2020-06-13,"MIDetroit",NA,NA,NA,NA,NA,NA,NA,NA,NA,NA,NA,NA,NA,NA,NA,NA,NA,NA,NA,NA,NA,NA,NA,NA,NA,NA,NA,NA,NA,NA,NA,NA,NA,NA,NA,NA,NA,NA
"12",2020-06-14,"MIDetroit",NA,NA,NA,NA,NA,NA,NA,NA,NA,NA,NA,NA,NA,NA,NA,NA,NA,NA,NA,NA,NA,NA,NA,NA,NA,NA,NA,NA,NA,NA,NA,NA,NA,NA,NA,NA,NA,NA
"13",2020-06-15,"MIDetroit",NA,NA,NA,NA,NA,NA,NA,NA,NA,NA,NA,NA,NA,NA,NA,NA,NA,NA,NA,NA,NA,NA,NA,NA,NA,NA,NA,NA,NA,NA,NA,NA,NA,NA,NA,NA,NA,NA
"14",2020-06-16,"MIDetroit",NA,NA,NA,NA,NA,NA,NA,NA,NA,NA,NA,NA,NA,NA,NA,NA,NA,NA,NA,NA,NA,NA,NA,NA,NA,NA,NA,NA,NA,NA,NA,NA,NA,NA,NA,NA,NA,NA
"15",2020-06-17,"MIDetroit",NA,NA,NA,NA,NA,NA,NA,NA,NA,NA,NA,NA,NA,NA,NA,NA,NA,NA,NA,NA,NA,NA,NA,NA,NA,NA,NA,NA,NA,NA,NA,NA,NA,NA,NA,NA,NA,NA
"16",2020-06-18,"MIDetroit",NA,NA,NA,NA,NA,NA,NA,NA,NA,NA,NA,NA,NA,NA,NA,NA,NA,NA,NA,NA,NA,NA,NA,NA,NA,NA,NA,NA,NA,NA,NA,NA,NA,NA,NA,NA,NA,NA
"17",2020-06-19,"MIDetroit",NA,NA,NA,NA,NA,NA,NA,NA,NA,NA,NA,NA,NA,NA,NA,NA,NA,NA,NA,NA,NA,NA,NA,NA,NA,NA,NA,NA,NA,NA,NA,NA,NA,NA,NA,NA,NA,NA
"18",2020-06-20,"MIDetroit",NA,NA,NA,NA,NA,NA,NA,NA,NA,NA,NA,NA,NA,NA,NA,NA,NA,NA,NA,NA,NA,NA,NA,NA,NA,NA,NA,NA,NA,NA,NA,NA,NA,NA,NA,NA,NA,NA
"19",2020-06-21,"MIDetroit",NA,NA,NA,NA,NA,NA,NA,NA,NA,NA,NA,NA,NA,NA,NA,NA,NA,NA,NA,NA,NA,NA,NA,NA,NA,NA,NA,NA,NA,NA,NA,NA,NA,NA,NA,NA,NA,NA
"20",2020-06-22,"MIDetroit",NA,669,7561,96,1174,1687.05835443879,960.337625425262,1425.70262192765,NA,NA,NA,NA,NA,27003.2930845225,NA,NA,211.177647658217,137.80629602515,221.369511723722,NA,NA,NA,NA,NA,2634.4676180022,NA,NA,12.52,14.3497757847534,15.5270466869462,NA,NA,NA,NA,NA,9.75609756097561,NA,NA
"21",2020-06-23,"MIDetroit",33,671,7568,96,1174,1691.93168476937,963.208589925786,1427.0225423553,NA,NA,NA,NA,NA,27058.1778265642,NA,NA,211.177647658217,137.80629602515,221.369511723722,NA,NA,NA,NA,NA,2634.4676180022,NA,NA,12.48,14.3070044709389,15.5126849894292,NA,NA,NA,NA,NA,9.73630831643002,NA,NA
"22",2020-06-24,"MIDetroit",43,673,7577,96,1177,1698.28178186678,966.079554426309,1428.71958290514,NA,NA,NA,NA,NA,27442.3710208562,NA,NA,211.620677688269,137.80629602515,221.935191907002,NA,NA,NA,NA,NA,2634.4676180022,NA,NA,12.46,14.2644873699851,15.5338524481985,NA,NA,NA,NA,NA,9.6,NA,NA
"23",2020-06-25,"MIDetroit",20,674,7588,97,1182,1701.23531540046,967.515036676572,1430.79374357717,NA,NA,NA,NA,NA,27716.7947310648,NA,NA,212.506737748374,139.241778275412,222.877992212469,NA,NA,NA,NA,NA,2634.4676180022,NA,NA,12.49,14.3916913946588,15.5772272008434,NA,NA,NA,NA,NA,9.5049504950495,NA,NA
"24",2020-06-26,"MIDetroit",8,678,7591,97,1180,1702.41672881393,973.256965677619,1431.35942376045,NA,NA,NA,NA,NA,27716.7947310648,NA,NA,212.063707718321,139.241778275412,222.500872090283,NA,NA,NA,NA,NA,2634.4676180022,NA,NA,12.46,14.306784660767,15.5447240152813,NA,NA,NA,NA,NA,9.5049504950495,NA,NA
"25",2020-06-27,"MIDetroit",NA,NA,NA,NA,NA,NA,NA,NA,NA,NA,NA,NA,NA,NA,NA,NA,NA,NA,NA,NA,NA,NA,NA,NA,NA,NA,NA,NA,NA,NA,NA,NA,NA,NA,NA,NA,NA,NA
"26",2020-06-28,"MIDetroit",NA,681,7607,98,1184,1705.22258567093,977.563412428405,1434.37638473795,NA,NA,NA,NA,NA,28046.103183315,NA,NA,212.802091101742,140.677260525674,223.255112334656,NA,NA,NA,NA,NA,2634.4676180022,NA,NA,12.48,14.3906020558003,15.5646115420008,NA,NA,NA,NA,NA,9.39334637964775,NA,NA
"27",2020-06-29,"MIDetroit",25,684,7633,98,1184,1708.91450258803,981.869859179191,1439.27894632638,NA,NA,NA,NA,NA,27991.2184412733,NA,NA,212.802091101742,140.677260525674,223.255112334656,NA,NA,NA,NA,NA,2634.4676180022,NA,NA,12.45,14.327485380117,15.5115943927682,NA,NA,NA,NA,NA,9.41176470588235,NA,NA
"28",2020-06-30,"MIDetroit",37,685,7657,98,1186,1714.37853962534,983.305341429453,1443.80438779262,NA,NA,NA,NA,NA,28046.103183315,NA,NA,213.09744445511,140.677260525674,223.632232456843,NA,NA,NA,NA,NA,2634.4676180022,NA,NA,12.43,14.3065693430657,15.4890949458012,NA,NA,NA,NA,NA,9.39334637964775,NA,NA
"29",2020-07-01,"MIDetroit",20,686,7671,98,1187,1717.33207315903,984.740823679715,1446.44422864793,NA,NA,NA,NA,NA,28155.8726673985,NA,NA,213.245121131794,140.677260525674,223.820792517937,NA,NA,NA,NA,NA,2634.4676180022,NA,NA,12.42,14.2857142857143,15.4738625994003,NA,NA,NA,NA,NA,9.35672514619883,NA,NA
"30",2020-07-02,"MIDetroit",32,689,7689,100,1189,1722.05772681292,989.047270430501,1449.83830974761,NA,NA,NA,NA,NA,28320.5268935236,NA,NA,213.83582783853,143.548225026198,224.197912640124,NA,NA,NA,NA,NA,2634.4676180022,NA,NA,12.42,14.5137880986938,15.4636493692288,NA,NA,NA,NA,NA,9.30232558139535,NA,NA
"31",2020-07-03,"MIDetroit",30,687,7707,99,1190,1726.48802711344,986.176305929977,1453.23239084729,NA,NA,NA,NA,NA,28759.6048298573,NA,NA,213.83582783853,142.112742775936,224.386472701217,NA,NA,NA,NA,NA,2634.4676180022,NA,NA,12.39,14.410480349345,15.4405086285195,NA,NA,NA,NA,NA,9.16030534351145,NA,NA
"32",2020-07-04,"MIDetroit",21,688,7723,99,1190,1729.5892373238,987.611788180239,1456.24935182479,NA,NA,NA,NA,NA,28759.6048298573,NA,NA,213.83582783853,142.112742775936,224.386472701217,NA,NA,NA,NA,NA,2634.4676180022,NA,NA,12.36,14.3895348837209,15.4085200051793,NA,NA,NA,NA,NA,9.16030534351145,NA,NA
"33",2020-07-05,"MIDetroit",NA,NA,NA,NA,NA,NA,NA,NA,NA,NA,NA,NA,NA,NA,NA,NA,NA,NA,NA,NA,NA,NA,NA,NA,NA,NA,NA,NA,NA,NA,NA,NA,NA,NA,NA,NA,NA,NA
"34",2020-07-06,"MIDetroit",NA,692,7750,99,1189,1736.97307115801,993.353717181287,1461.34047347431,NA,NA,NA,NA,NA,29034.0285400659,NA,NA,213.688151161846,142.112742775936,224.197912640124,NA,NA,NA,NA,NA,2634.4676180022,NA,NA,12.3,14.3063583815029,15.341935483871,NA,NA,NA,NA,NA,9.07372400756144,NA,NA
"35",2020-07-07,"MIDetroit",23,695,7776,99,1192,1740.36963472174,997.660163932073,1466.24303506274,NA,NA,NA,NA,NA,29143.7980241493,NA,NA,214.426534545267,142.112742775936,224.763592823404,NA,NA,NA,NA,NA,2689.35236004391,NA,NA,12.32,14.2446043165468,15.3292181069959,NA,NA,NA,NA,NA,9.22787193973635,NA,NA
"36",2020-07-08,"MIDetroit",48,699,7797,99,1193,1747.45811520258,1003.40209293312,1470.20279634571,NA,NA,NA,NA,NA,29143.7980241493,NA,NA,214.426534545267,142.112742775936,224.952152884498,NA,NA,NA,NA,NA,2689.35236004391,NA,NA,12.27,14.1630901287554,15.3007567012954,NA,NA,NA,NA,NA,9.22787193973635,NA,NA
"37",2020-07-09,"MIDetroit",37,704,7818,99,1193,1752.92215223989,1010.57950418443,1474.16255762867,NA,NA,NA,NA,NA,29363.3369923161,NA,NA,214.426534545267,142.112742775936,224.952152884498,NA,NA,NA,NA,NA,2689.35236004391,NA,NA,12.23,14.0625,15.2596572013303,NA,NA,NA,NA,NA,9.1588785046729,NA,NA
"38",2020-07-10,"MIDetroit",38,704,7844,99,1197,1758.53386595388,1010.57950418443,1479.0651192171,NA,NA,NA,NA,NA,29473.1064763996,NA,NA,214.869564575319,142.112742775936,225.706393128871,NA,NA,NA,NA,NA,2634.4676180022,NA,NA,12.22,14.0625,15.2600713921469,NA,NA,NA,NA,NA,8.93854748603352,NA,NA
"39",2020-07-11,"MIDetroit",28,707,7865,99,1203,1762.66881290103,1014.88595093522,1483.02488050006,NA,NA,NA,NA,NA,29802.4149286498,NA,NA,215.755624635423,142.112742775936,226.837753495432,NA,NA,NA,NA,NA,2634.4676180022,NA,NA,12.24,14.002828854314,15.2956134774317,NA,NA,NA,NA,NA,8.83977900552486,NA,NA
"40",2020-07-12,"MIDetroit",NA,NA,NA,NA,NA,NA,NA,NA,NA,NA,NA,NA,NA,NA,NA,NA,NA,NA,NA,NA,NA,NA,NA,NA,NA,NA,NA,NA,NA,NA,NA,NA,NA,NA,NA,NA,NA,NA
"41",2020-07-13,"MIDetroit",NA,NA,NA,NA,NA,NA,NA,NA,NA,NA,NA,NA,NA,NA,NA,NA,NA,NA,NA,NA,NA,NA,NA,NA,NA,NA,NA,NA,NA,NA,NA,NA,NA,NA,NA,NA,NA,NA
"42",2020-07-14,"MIDetroit",NA,715,7926,100,1203,1776.99345053939,1026.36980893731,1494.52704422676,NA,NA,NA,NA,NA,30351.262349067,NA,NA,215.903301312107,143.548225026198,226.837753495432,NA,NA,NA,NA,NA,2634.4676180022,NA,NA,12.15,13.986013986014,15.1778955336866,NA,NA,NA,NA,NA,8.67992766726944,NA,NA
"43",2020-07-15,"MIDetroit",42,715,7961,100,1202,1783.19587096012,1026.36980893731,1501.12664636503,NA,NA,NA,NA,NA,30406.1470911087,NA,NA,215.755624635423,143.548225026198,226.649193434339,NA,NA,NA,NA,NA,2634.4676180022,NA,NA,12.1,13.986013986014,15.0986057028012,NA,NA,NA,NA,NA,8.66425992779783,NA,NA
"44",2020-07-16,"MIDetroit",64,723,8001,100,1205,1792.6471782679,1037.85366693941,1508.66904880877,NA,NA,NA,NA,NA,30845.2250274424,NA,NA,216.198654665475,143.548225026198,227.214873617619,NA,NA,NA,NA,NA,2634.4676180022,NA,NA,12.06,13.8312586445367,15.0606174228221,NA,NA,NA,NA,NA,8.54092526690392,NA,NA
"45",2020-07-17,"MIDetroit",20,723,8026,100,1205,1795.60071180158,1037.85366693941,1513.38305033611,NA,NA,NA,NA,NA,30735.4555433589,NA,NA,216.346331342159,143.548225026198,227.214873617619,NA,NA,NA,NA,NA,2634.4676180022,NA,NA,12.05,13.8312586445367,15.0137054572639,NA,NA,NA,NA,NA,8.57142857142857,NA,NA
"46",2020-07-18,"MIDetroit",42,727,8053,101,1210,1801.80313222231,1043.59559594046,1518.47417198563,NA,NA,NA,NA,NA,31119.6487376509,NA,NA,217.232391402264,144.98370727646,228.157673923086,NA,NA,NA,NA,NA,2634.4676180022,NA,NA,12.06,13.8927097661623,15.0254563516702,NA,NA,NA,NA,NA,8.46560846560847,NA,NA
"47",2020-07-19,"MIDetroit",NA,NA,NA,NA,NA,NA,NA,NA,NA,NA,NA,NA,NA,NA,NA,NA,NA,NA,NA,NA,NA,NA,NA,NA,NA,NA,NA,NA,NA,NA,NA,NA,NA,NA,NA,NA,NA,NA
"48",2020-07-20,"MIDetroit",NA,731,8081,101,1210,1809.92534943994,1049.3375249415,1523.75385369625,NA,NA,NA,NA,NA,31284.3029637761,NA,NA,217.232391402264,144.98370727646,228.157673923086,NA,NA,NA,NA,NA,2634.4676180022,NA,NA,12,13.8166894664843,14.9733943818834,NA,NA,NA,NA,NA,8.42105263157895,NA,NA
"49",2020-07-21,"MIDetroit",45,738,8115,101,1210,1816.57079989072,1059.38590069334,1530.16489577343,NA,NA,NA,NA,NA,31448.9571899012,NA,NA,217.232391402264,144.98370727646,228.157673923086,NA,NA,NA,NA,NA,2634.4676180022,NA,NA,11.96,13.6856368563686,14.9106592729513,NA,NA,NA,NA,NA,8.37696335078534,NA,NA
"50",2020-07-22,"MIDetroit",33,744,8132,101,1211,1821.44413022129,1067.99879419491,1533.37041681202,NA,NA,NA,NA,NA,31394.0724478595,NA,NA,217.380068078948,144.98370727646,228.34623398418,NA,NA,NA,NA,NA,2634.4676180022,NA,NA,11.93,13.5752688172043,14.8917855386129,NA,NA,NA,NA,NA,8.39160839160839,NA,NA
"51",2020-07-23,"MIDetroit",36,749,8153,103,1212,1826.76049058192,1075.17620544622,1537.33017809498,NA,NA,NA,NA,NA,31558.7266739846,NA,NA,217.823098109,147.854671776983,228.534794045273,NA,NA,NA,NA,NA,2634.4676180022,NA,NA,11.92,13.7516688918558,14.8656936097142,NA,NA,NA,NA,NA,8.34782608695652,NA,NA
"52",2020-07-24,"MIDetroit",19,750,8167,103,1212,1829.56634743892,1076.61168769648,1539.97001895029,NA,NA,NA,NA,NA,31668.4961580681,NA,NA,217.823098109,147.854671776983,228.534794045273,NA,NA,NA,NA,NA,2634.4676180022,NA,NA,11.91,13.7333333333333,14.8402106036488,NA,NA,NA,NA,NA,8.31889081455806,NA,NA
"53",2020-07-25,"MIDetroit",6,751,8181,104,1213,1830.45240749902,1078.04716994674,1542.60985980559,NA,NA,NA,NA,NA,31613.6114160263,NA,NA,218.118451462368,149.290154027245,228.723354106367,NA,NA,NA,NA,NA,2634.4676180022,NA,NA,11.92,13.8482023968043,14.8270382593815,NA,NA,NA,NA,NA,8.33333333333333,NA,NA
"54",2020-07-26,"MIDetroit",NA,NA,NA,NA,NA,NA,NA,NA,NA,NA,NA,NA,NA,NA,NA,NA,NA,NA,NA,NA,NA,NA,NA,NA,NA,NA,NA,NA,NA,NA,NA,NA,NA,NA,NA,NA,NA,NA
"55",2020-07-27,"MIDetroit",NA,759,8224,104,1213,1843.15260169385,1089.53102794884,1550.71794243261,NA,NA,NA,NA,NA,31833.1503841932,NA,NA,218.118451462368,149.290154027245,228.723354106367,NA,NA,NA,NA,NA,2634.4676180022,NA,NA,11.83,13.7022397891963,14.749513618677,NA,NA,NA,NA,NA,8.27586206896552,NA,NA
"56",2020-07-28,"MIDetroit",31,762,8248,104,1217,1847.73057867106,1093.83747469963,1555.24338389886,NA,NA,NA,NA,NA,32162.4588364435,NA,NA,218.856834845789,149.290154027245,229.477594350741,NA,NA,NA,NA,NA,2634.4676180022,NA,NA,11.84,13.6482939632546,14.75509214355,NA,NA,NA,NA,NA,8.19112627986348,NA,NA
"57",2020-07-29,"MIDetroit",101,765,8279,104,1218,1862.64592301615,1098.14392145041,1561.08874579275,NA,NA,NA,NA,NA,32217.3435784852,NA,NA,219.004511522473,149.290154027245,229.666154411834,NA,NA,NA,NA,NA,2634.4676180022,NA,NA,11.76,13.5947712418301,14.7119217296775,NA,NA,NA,NA,NA,8.17717206132879,NA,NA
"58",2020-07-30,"MIDetroit",49,767,8308,104,1219,1869.88208017367,1101.01488595094,1566.55698756446,NA,NA,NA,NA,NA,32491.7672886937,NA,NA,219.299864875841,149.290154027245,229.854714472927,NA,NA,NA,NA,NA,2689.35236004391,NA,NA,11.73,13.5593220338983,14.6726047183438,NA,NA,NA,NA,NA,8.27702702702703,NA,NA
"59",2020-07-31,"MIDetroit",67,772,8332,104,1219,1879.7764175115,1108.19229720225,1571.08242903071,NA,NA,NA,NA,NA,32711.3062568606,NA,NA,219.447541552525,149.290154027245,229.854714472927,NA,NA,NA,NA,NA,2689.35236004391,NA,NA,11.67,13.4715025906736,14.6303408545367,NA,NA,NA,NA,NA,8.22147651006711,NA,NA
"60",2020-08-01,"MIDetroit",24,778,8348,105,1221,1883.32065775192,1116.80519070382,1574.0993900082,NA,NA,NA,NA,NA,32875.9604829857,NA,NA,219.742894905893,150.725636277507,230.231834595114,NA,NA,NA,NA,NA,2689.35236004391,NA,NA,11.67,13.4961439588689,14.6262577862961,NA,NA,NA,NA,NA,8.18030050083473,NA,NA
"61",2020-08-02,"MIDetroit",NA,NA,NA,NA,NA,NA,NA,NA,NA,NA,NA,NA,NA,NA,NA,NA,NA,NA,NA,NA,NA,NA,NA,NA,NA,NA,NA,NA,NA,NA,NA,NA,NA,NA,NA,NA,NA,NA
"62",2020-08-03,"MIDetroit",NA,783,8381,105,1221,1893.06731841307,1123.98260195513,1580.32187202429,NA,NA,NA,NA,NA,33315.0384193194,NA,NA,219.742894905893,150.725636277507,230.231834595114,NA,NA,NA,NA,NA,2689.35236004391,NA,NA,11.61,13.4099616858238,14.5686672234817,NA,NA,NA,NA,NA,8.07248764415156,NA,NA
"63",2020-08-04,"MIDetroit",NA,NA,NA,NA,NA,NA,NA,NA,NA,NA,NA,NA,NA,NA,NA,NA,NA,NA,NA,NA,NA,NA,NA,NA,NA,NA,NA,NA,NA,NA,NA,NA,NA,NA,NA,NA,NA,NA
"64",2020-08-05,"MIDetroit",NA,792,8409,106,1223,1901.78024233743,1136.90194220748,1585.6015537349,NA,NA,NA,NA,NA,33863.8858397366,NA,NA,220.185924935945,152.161118527769,230.608954717301,NA,NA,NA,NA,NA,2689.35236004391,NA,NA,11.58,13.3838383838384,14.5439410155785,NA,NA,NA,NA,NA,7.94165316045381,NA,NA
"65",2020-08-06,"MIDetroit",36,795,8431,107,1225,1907.09660269805,1141.20838895827,1589.74987507896,NA,NA,NA,NA,NA,34138.3095499451,NA,NA,220.481278289313,153.596600778031,230.986074839488,NA,NA,NA,NA,NA,2689.35236004391,NA,NA,11.56,13.4591194968553,14.5297117779623,NA,NA,NA,NA,NA,7.87781350482315,NA,NA
"66",2020-08-07,"MIDetroit",39,798,8440,107,1224,1912.85599308873,1145.51483570906,1591.4469156288,NA,NA,NA,NA,NA,34412.7332601537,NA,NA,220.333601612629,153.596600778031,230.797514778395,NA,NA,NA,NA,NA,2689.35236004391,NA,NA,11.52,13.4085213032581,14.5023696682464,NA,NA,NA,NA,NA,7.81499202551834,NA,NA
"67",2020-08-08,"MIDetroit",34,803,8465,107,1226,1917.87700009599,1152.69224696037,1596.16091715614,NA,NA,NA,NA,NA,34906.6959385291,NA,NA,220.481278289313,153.596600778031,231.174634900582,NA,NA,NA,NA,NA,2689.35236004391,NA,NA,11.5,13.3250311332503,14.4831659775546,NA,NA,NA,NA,NA,7.70440251572327,NA,NA
"68",2020-08-09,"MIDetroit",NA,NA,NA,NA,NA,NA,NA,NA,NA,NA,NA,NA,NA,NA,NA,NA,NA,NA,NA,NA,NA,NA,NA,NA,NA,NA,NA,NA,NA,NA,NA,NA,NA,NA,NA,NA,NA,NA
"69",2020-08-10,"MIDetroit",NA,811,8479,107,1226,1923.48871380998,1164.17610496246,1598.80075801145,NA,NA,NA,NA,NA,35016.4654226125,NA,NA,220.481278289313,153.596600778031,231.174634900582,NA,NA,NA,NA,NA,2689.35236004391,NA,NA,11.46,13.193588162762,14.4592522703149,NA,NA,NA,NA,NA,7.68025078369906,NA,NA
"70",2020-08-11,"MIDetroit",25,817,8489,107,1226,1927.18063072709,1172.78899846403,1600.68635862238,NA,NA,NA,NA,NA,35784.8518111965,NA,NA,220.481278289313,153.596600778031,231.174634900582,NA,NA,NA,NA,NA,2689.35236004391,NA,NA,11.44,13.0966952264382,14.4422193426788,NA,NA,NA,NA,NA,7.51533742331288,NA,NA
"71",2020-08-12,"MIDetroit",29,823,8508,108,1226,1931.46325435092,1181.40189196561,1604.26899978316,NA,NA,NA,NA,NA,36169.0450054885,NA,NA,220.628954965997,155.032083028293,231.174634900582,NA,NA,NA,NA,NA,2689.35236004391,NA,NA,11.42,13.1227217496962,14.4099670897978,NA,NA,NA,NA,NA,7.43550834597876,NA,NA
"72",2020-08-13,"MIDetroit",60,830,8524,108,1227,1940.32385495197,1191.45026771744,1607.28596076065,NA,NA,NA,NA,NA,36498.3534577387,NA,NA,220.924308319366,155.032083028293,231.363194961675,NA,NA,NA,NA,NA,2689.35236004391,NA,NA,11.39,13.0120481927711,14.3946503988738,NA,NA,NA,NA,NA,7.36842105263158,NA,NA
"73",2020-08-14,"MIDetroit",34,837,8540,108,1227,1945.34486195923,1201.49864346927,1610.30292173815,NA,NA,NA,NA,NA,36717.8924259056,NA,NA,220.924308319366,155.032083028293,231.363194961675,NA,NA,NA,NA,NA,2689.35236004391,NA,NA,11.36,12.9032258064516,14.367681498829,NA,NA,NA,NA,NA,7.32436472346786,NA,NA
"74",2020-08-15,"MIDetroit",25,844,8553,108,1228,1949.03677887633,1211.54701922111,1612.75420253236,NA,NA,NA,NA,NA,36827.661909989,NA,NA,221.07198499605,155.032083028293,231.551755022769,NA,NA,NA,NA,NA,2689.35236004391,NA,NA,11.34,12.7962085308057,14.3575353677072,NA,NA,NA,NA,NA,7.30253353204173,NA,NA
"75",2020-08-16,"MIDetroit",NA,NA,NA,NA,NA,NA,NA,NA,NA,NA,NA,NA,NA,NA,NA,NA,NA,NA,NA,NA,NA,NA,NA,NA,NA,NA,NA,NA,NA,NA,NA,NA,NA,NA,NA,NA,NA,NA
"76",2020-08-17,"MIDetroit",NA,851,8579,108,1230,1960.70323633437,1221.59539497294,1617.65676412079,NA,NA,NA,NA,NA,37376.5093304062,NA,NA,221.367338349418,155.032083028293,231.928875144956,NA,NA,NA,NA,NA,2689.35236004391,NA,NA,11.29,12.6909518213866,14.3373353537708,NA,NA,NA,NA,NA,7.19530102790015,NA,NA
"77",2020-08-18,"MIDetroit",13,855,8585,108,1231,1962.62303313126,1227.33732397399,1618.78812448735,NA,NA,NA,NA,NA,37650.9330406147,NA,NA,221.515015026102,155.032083028293,232.117435206049,NA,NA,NA,NA,NA,2689.35236004391,NA,NA,11.29,12.6315789473684,14.3389633080955,NA,NA,NA,NA,NA,7.14285714285714,NA,NA
"78",2020-06-03,"MIWayneCounty",NA,NA,NA,NA,NA,NA,NA,NA,NA,NA,NA,NA,NA,NA,NA,NA,NA,NA,NA,NA,NA,NA,NA,NA,NA,NA,NA,NA,NA,NA,NA,NA,NA,NA,NA,NA,NA,NA
"79",2020-06-04,"MIWayneCounty",NA,NA,NA,NA,NA,NA,NA,NA,NA,NA,NA,NA,NA,NA,NA,NA,NA,NA,NA,NA,NA,NA,NA,NA,NA,NA,NA,NA,NA,NA,NA,NA,NA,NA,NA,NA,NA,NA
"80",2020-06-05,"MIWayneCounty",NA,NA,NA,NA,NA,NA,NA,NA,NA,NA,NA,NA,NA,NA,NA,NA,NA,NA,NA,NA,NA,NA,NA,NA,NA,NA,NA,NA,NA,NA,NA,NA,NA,NA,NA,NA,NA,NA
"81",2020-06-06,"MIWayneCounty",NA,NA,NA,NA,NA,NA,NA,NA,NA,NA,NA,NA,NA,NA,NA,NA,NA,NA,NA,NA,NA,NA,NA,NA,NA,NA,NA,NA,NA,NA,NA,NA,NA,NA,NA,NA,NA,NA
"82",2020-06-07,"MIWayneCounty",NA,NA,NA,NA,NA,NA,NA,NA,NA,NA,NA,NA,NA,NA,NA,NA,NA,NA,NA,NA,NA,NA,NA,NA,NA,NA,NA,NA,NA,NA,NA,NA,NA,NA,NA,NA,NA,NA
"83",2020-06-08,"MIWayneCounty",NA,NA,NA,NA,NA,NA,NA,NA,NA,NA,NA,NA,NA,NA,NA,NA,NA,NA,NA,NA,NA,NA,NA,NA,NA,NA,NA,NA,NA,NA,NA,NA,NA,NA,NA,NA,NA,NA
"84",2020-06-09,"MIWayneCounty",NA,NA,NA,NA,NA,NA,NA,NA,NA,NA,NA,NA,NA,NA,NA,NA,NA,NA,NA,NA,NA,NA,NA,NA,NA,NA,NA,NA,NA,NA,NA,NA,NA,NA,NA,NA,NA,NA
"85",2020-06-10,"MIWayneCounty",NA,NA,NA,NA,NA,NA,NA,NA,NA,NA,NA,NA,NA,NA,NA,NA,NA,NA,NA,NA,NA,NA,NA,NA,NA,NA,NA,NA,NA,NA,NA,NA,NA,NA,NA,NA,NA,NA
"86",2020-06-11,"MIWayneCounty",NA,NA,NA,NA,NA,NA,NA,NA,NA,NA,NA,NA,NA,NA,NA,NA,NA,NA,NA,NA,NA,NA,NA,NA,NA,NA,NA,NA,NA,NA,NA,NA,NA,NA,NA,NA,NA,NA
"87",2020-06-12,"MIWayneCounty",NA,NA,NA,NA,NA,NA,NA,NA,NA,NA,NA,NA,NA,NA,NA,NA,NA,NA,NA,NA,NA,NA,NA,NA,NA,NA,NA,NA,NA,NA,NA,NA,NA,NA,NA,NA,NA,NA
"88",2020-06-13,"MIWayneCounty",NA,NA,NA,NA,NA,NA,NA,NA,NA,NA,NA,NA,NA,NA,NA,NA,NA,NA,NA,NA,NA,NA,NA,NA,NA,NA,NA,NA,NA,NA,NA,NA,NA,NA,NA,NA,NA,NA
"89",2020-06-14,"MIWayneCounty",NA,NA,NA,NA,NA,NA,NA,NA,NA,NA,NA,NA,NA,NA,NA,NA,NA,NA,NA,NA,NA,NA,NA,NA,NA,NA,NA,NA,NA,NA,NA,NA,NA,NA,NA,NA,NA,NA
"90",2020-06-15,"MIWayneCounty",NA,NA,NA,NA,NA,NA,NA,NA,NA,NA,NA,NA,NA,NA,NA,NA,NA,NA,NA,NA,NA,NA,NA,NA,NA,NA,NA,NA,NA,NA,NA,NA,NA,NA,NA,NA,NA,NA
"91",2020-06-16,"MIWayneCounty",NA,NA,NA,NA,NA,NA,NA,NA,NA,NA,NA,NA,NA,NA,NA,NA,NA,NA,NA,NA,NA,NA,NA,NA,NA,NA,NA,NA,NA,NA,NA,NA,NA,NA,NA,NA,NA,NA
"92",2020-06-17,"MIWayneCounty",NA,NA,NA,NA,NA,NA,NA,NA,NA,NA,NA,NA,NA,NA,NA,NA,NA,NA,NA,NA,NA,NA,NA,NA,NA,NA,NA,NA,NA,NA,NA,NA,NA,NA,NA,NA,NA,NA
"93",2020-06-18,"MIWayneCounty",NA,NA,NA,NA,NA,NA,NA,NA,NA,NA,NA,NA,NA,NA,NA,NA,NA,NA,NA,NA,NA,NA,NA,NA,NA,NA,NA,NA,NA,NA,NA,NA,NA,NA,NA,NA,NA,NA
"94",2020-06-19,"MIWayneCounty",NA,NA,NA,NA,NA,NA,NA,NA,NA,NA,NA,NA,NA,NA,NA,NA,NA,NA,NA,NA,NA,NA,NA,NA,NA,NA,NA,NA,NA,NA,NA,NA,NA,NA,NA,NA,NA,NA
"95",2020-06-20,"MIWayneCounty",NA,NA,NA,NA,NA,NA,NA,NA,NA,NA,NA,NA,NA,NA,NA,NA,NA,NA,NA,NA,NA,NA,NA,NA,NA,NA,NA,NA,NA,NA,NA,NA,NA,NA,NA,NA,NA,NA
"96",2020-06-21,"MIWayneCounty",NA,NA,NA,NA,NA,NA,NA,NA,NA,NA,NA,NA,NA,NA,NA,NA,NA,NA,NA,NA,NA,NA,NA,NA,NA,NA,NA,NA,NA,NA,NA,NA,NA,NA,NA,NA,NA,NA
"97",2020-06-22,"MIWayneCounty",NA,NA,NA,NA,NA,NA,NA,NA,NA,NA,NA,NA,NA,NA,NA,NA,NA,NA,NA,NA,NA,NA,NA,NA,NA,NA,NA,NA,NA,NA,NA,NA,NA,NA,NA,NA,NA,NA
"98",2020-06-23,"MIWayneCounty",NA,NA,NA,NA,NA,NA,NA,NA,NA,NA,NA,NA,NA,NA,NA,NA,NA,NA,NA,NA,NA,NA,NA,NA,NA,NA,NA,NA,NA,NA,NA,NA,NA,NA,NA,NA,NA,NA
"99",2020-06-24,"MIWayneCounty",NA,NA,NA,NA,NA,NA,NA,NA,NA,NA,NA,NA,NA,NA,NA,NA,NA,NA,NA,NA,NA,NA,NA,NA,NA,NA,NA,NA,NA,NA,NA,NA,NA,NA,NA,NA,NA,NA
"100",2020-06-25,"MIWayneCounty",NA,NA,NA,NA,NA,NA,NA,NA,NA,NA,NA,NA,NA,NA,NA,NA,NA,NA,NA,NA,NA,NA,NA,NA,NA,NA,NA,NA,NA,NA,NA,NA,NA,NA,NA,NA,NA,NA
"101",2020-06-26,"MIWayneCounty",NA,NA,NA,NA,NA,NA,NA,NA,NA,NA,NA,NA,NA,NA,NA,NA,NA,NA,NA,NA,NA,NA,NA,NA,NA,NA,NA,NA,NA,NA,NA,NA,NA,NA,NA,NA,NA,NA
"102",2020-06-27,"MIWayneCounty",NA,NA,NA,NA,NA,NA,NA,NA,NA,NA,NA,NA,NA,NA,NA,NA,NA,NA,NA,NA,NA,NA,NA,NA,NA,NA,NA,NA,NA,NA,NA,NA,NA,NA,NA,NA,NA,NA
"103",2020-06-28,"MIWayneCounty",NA,NA,NA,NA,NA,NA,NA,NA,NA,NA,NA,NA,NA,NA,NA,NA,NA,NA,NA,NA,NA,NA,NA,NA,NA,NA,NA,NA,NA,NA,NA,NA,NA,NA,NA,NA,NA,NA
"104",2020-06-29,"MIWayneCounty",NA,3805,2612,707,326,961.14559036069,473.520791980636,1724.06964924555,NA,384.813827500215,645.161290322581,3040.54054054054,NA,21839.5016489557,NA,NA,107.634286915932,87.9840210066517,215.178677509208,NA,23.6477771089518,0,0,NA,1355.80798827409,NA,NA,11.2,18.580814717477,12.4808575803982,NA,6.14525139664804,0,0,NA,6.20805369127517,NA,NA
"105",2020-06-30,"MIWayneCounty",NA,NA,NA,NA,NA,NA,NA,NA,NA,NA,NA,NA,NA,NA,NA,NA,NA,NA,NA,NA,NA,NA,NA,NA,NA,NA,NA,NA,NA,NA,NA,NA,NA,NA,NA,NA,NA,NA
"106",2020-07-01,"MIWayneCounty",NA,3831,2627,710,327,967.601802943479,476.75641368668,1733.97050864015,NA,386.963625419211,645.161290322581,3040.54054054054,NA,21949.4320263833,NA,NA,108.09544495756,88.3573619727337,215.838734802181,NA,23.6477771089518,0,0,NA,1355.80798827409,NA,NA,11.17,18.5330200991908,12.4476589265322,NA,6.11111111111111,0,0,NA,6.17696160267112,NA,NA
"107",2020-07-02,"MIWayneCounty",80,3858,2642,712,327,974.980331609524,480.116482381418,1743.87136803475,NA,386.963625419211,645.161290322581,3040.54054054054,NA,22169.2927812385,NA,NA,108.279908174211,88.6062559501216,215.838734802181,NA,23.6477771089518,0,0,NA,1355.80798827409,NA,NA,11.11,18.4551581130119,12.3769871309614,NA,6.11111111111111,0,0,NA,6.11570247933884,NA,NA
"108",2020-07-03,"MIWayneCounty",49,3879,2651,712,327,979.499680417477,482.729869143991,1749.8118836715,NA,389.113423338206,645.161290322581,3040.54054054054,NA,22279.2231586662,NA,NA,108.279908174211,88.6062559501216,215.838734802181,NA,23.6477771089518,0,0,NA,1355.80798827409,NA,NA,11.05,18.3552461974736,12.3349679366277,NA,6.07734806629834,0,0,NA,6.08552631578947,NA,NA
"109",2020-07-04,"MIWayneCounty",NA,NA,NA,NA,NA,NA,NA,NA,NA,NA,NA,NA,NA,NA,NA,NA,NA,NA,NA,NA,NA,NA,NA,NA,NA,NA,NA,NA,NA,NA,NA,NA,NA,NA,NA,NA,NA,NA
"110",2020-07-05,"MIWayneCounty",NA,3908,2666,712,327,986.970440691848,486.338831816117,1759.7127430661,NA,391.263221257202,683.111954459203,3040.54054054054,NA,22499.0839135214,NA,NA,108.279908174211,88.6062559501216,215.838734802181,NA,23.6477771089518,0,0,NA,1355.80798827409,NA,NA,10.97,18.2190378710338,12.2655663915979,NA,6.04395604395604,0,0,NA,6.02605863192182,NA,NA
"111",2020-07-06,"MIWayneCounty",57,3932,2677,717,327,992.227642366405,489.325559544773,1766.9733732888,NA,391.263221257202,683.111954459203,3040.54054054054,NA,22572.3708318065,NA,NA,109.109992649141,89.2284908935916,215.838734802181,NA,23.6477771089518,0,0,NA,1355.80798827409,NA,NA,11,18.23499491353,12.2151662308554,NA,6.04395604395604,0,0,NA,6.00649350649351,NA,NA
"112",2020-07-07,"MIWayneCounty",62,3958,2689,717,327,997.94600208259,492.561181250817,1774.89406080448,NA,393.413019176197,683.111954459203,3040.54054054054,NA,22718.9446683767,NA,NA,109.109992649141,89.2284908935916,215.838734802181,NA,23.6477771089518,0,0,NA,1355.80798827409,NA,NA,10.93,18.1152097018696,12.1606545184083,NA,6.01092896174863,0,0,NA,5.96774193548387,NA,NA
"113",2020-07-08,"MIWayneCounty",110,3984,2702,718,327,1008.0914789984,495.79680295686,1783.47480561313,NA,393.413019176197,683.111954459203,3040.54054054054,NA,23012.092341517,NA,NA,109.202224257466,89.3529378822856,215.838734802181,NA,23.6477771089518,0,0,NA,1355.80798827409,NA,NA,10.83,18.0220883534137,12.1021465581051,NA,6.01092896174863,0,0,NA,5.89171974522293,NA,NA
"114",2020-07-09,"MIWayneCounty",85,4024,2718,718,327,1015.93116570607,500.77468250462,1794.0357223007,NA,393.413019176197,721.062618595825,3040.54054054054,NA,23341.8834737999,NA,NA,109.202224257466,89.3529378822856,215.838734802181,NA,23.6477771089518,0,0,NA,1355.80798827409,NA,NA,10.75,17.8429423459245,12.0309050772627,NA,6.01092896174863,0,0,NA,5.80847723704867,NA,NA
"115",2020-07-10,"MIWayneCounty",59,4052,2723,720,329,1021.37283059728,504.259198188052,1797.33600876556,NA,395.562817095193,721.062618595825,3040.54054054054,NA,23451.8138512276,NA,NA,109.663382299094,89.6018318596736,217.158849388127,NA,23.6477771089518,0,0,NA,1355.80798827409,NA,NA,10.74,17.7690029615005,12.0822622107969,NA,5.97826086956522,0,0,NA,5.78125,NA,NA
"116",2020-07-11,"MIWayneCounty",78,4072,2736,720,329,1028.56689604668,506.748137961932,1805.91675357421,NA,395.562817095193,721.062618595825,3040.54054054054,NA,23525.1007695126,NA,NA,109.663382299094,89.6018318596736,217.158849388127,NA,23.6477771089518,0,0,NA,1355.80798827409,NA,NA,10.66,17.6817288801572,12.0248538011696,NA,5.97826086956522,0,0,NA,5.76323987538941,NA,NA
"117",2020-07-12,"MIWayneCounty",0,4072,2736,720,329,1028.56689604668,506.748137961932,1805.91675357421,NA,395.562817095193,721.062618595825,3040.54054054054,NA,23525.1007695126,NA,NA,109.663382299094,89.6018318596736,217.158849388127,NA,23.6477771089518,0,0,NA,1355.80798827409,NA,NA,10.66,17.6817288801572,12.0248538011696,NA,5.97826086956522,0,0,NA,5.76323987538941,NA,NA
"118",2020-07-13,"MIWayneCounty",122,4113,2749,721,329,1039.8191522624,511.850464498385,1814.49749838286,NA,395.562817095193,759.013282732448,3040.54054054054,NA,24001.4657383657,NA,NA,109.75561390742,89.7262788483676,217.158849388127,NA,23.6477771089518,0,0,NA,1355.80798827409,NA,NA,10.56,17.5297836129346,11.9679883594034,NA,5.97826086956522,0,0,NA,5.64885496183206,NA,NA
"119",2020-07-14,"MIWayneCounty",139,4142,2764,722,329,1052.63934581965,515.459427170511,1824.39835777746,NA,395.562817095193,759.013282732448,3040.54054054054,NA,24221.326493221,NA,NA,109.847845515745,89.8507258370616,217.158849388127,NA,23.6477771089518,0,0,NA,1355.80798827409,NA,NA,10.44,17.4311926605505,11.9030390738061,NA,5.97826086956522,0,0,NA,5.59757942511346,NA,NA
"120",2020-07-15,"MIWayneCounty",125,4174,2784,722,329,1064.16829686034,519.441730808719,1837.59950363692,NA,397.712615014189,759.013282732448,3040.54054054054,NA,24880.9087577867,NA,NA,109.847845515745,89.8507258370616,217.158849388127,NA,23.6477771089518,0,0,NA,1355.80798827409,NA,NA,10.32,17.2975563009104,11.8175287356322,NA,5.94594594594595,0,0,NA,5.44918998527246,NA,NA
"121",2020-07-16,"MIWayneCounty",81,4206,2794,723,331,1071.63905713471,523.424034446926,1844.20007656665,NA,397.712615014189,759.013282732448,3040.54054054054,NA,25100.769512642,NA,NA,110.124540340722,89.9751728257555,218.478963974073,NA,23.6477771089518,0,0,NA,1355.80798827409,NA,NA,10.28,17.1897289586305,11.8468146027201,NA,5.94594594594595,0,0,NA,5.4014598540146,NA,NA
"122",2020-07-17,"MIWayneCounty",86,4239,2806,723,331,1079.57097545071,527.530785073828,1852.12076408232,NA,399.862412933184,759.013282732448,3040.54054054054,NA,25320.6302674973,NA,NA,110.124540340722,89.9751728257555,218.478963974073,NA,23.6477771089518,0,0,NA,1355.80798827409,NA,NA,10.2,17.0559094125973,11.7961511047755,NA,5.91397849462366,0,0,NA,5.35455861070912,NA,NA
"123",2020-07-18,"MIWayneCounty",91,4288,2818,723,331,1087.96405180834,533.628687519834,1860.041451598,NA,399.862412933184,759.013282732448,3040.54054054054,NA,25467.2041040674,NA,NA,110.124540340722,89.9751728257555,218.478963974073,NA,23.6477771089518,0,0,NA,1355.80798827409,NA,NA,10.12,16.8610074626866,11.7459190915543,NA,5.91397849462366,0,0,NA,5.32374100719424,NA,NA
"124",2020-07-19,"MIWayneCounty",53,4299,2835,723,331,1092.85232704959,534.997604395468,1871.26242557854,NA,399.862412933184,759.013282732448,3040.54054054054,NA,25613.7779406376,NA,NA,110.124540340722,89.9751728257555,218.478963974073,NA,23.6477771089518,0,0,NA,1355.80798827409,NA,NA,10.08,16.817864619679,11.6754850088183,NA,5.91397849462366,0,0,NA,5.29327610872675,NA,NA
"125",2020-07-20,"MIWayneCounty",54,4320,2844,723,331,1097.83283389917,537.610991158042,1877.2029412153,NA,399.862412933184,759.013282732448,3040.54054054054,NA,25760.3517772078,NA,NA,110.124540340722,89.9751728257555,218.478963974073,NA,23.6477771089518,0,0,NA,1355.80798827409,NA,NA,10.03,16.7361111111111,11.6385372714487,NA,5.91397849462366,0,0,NA,5.26315789473684,NA,NA
"126",2020-07-21,"MIWayneCounty",89,4352,2859,724,331,1106.04144704015,541.593294796249,1887.10380060989,NA,402.01221085218,759.013282732448,3040.54054054054,NA,25906.9256137779,NA,NA,110.216771949048,90.0996198144495,218.478963974073,NA,23.6477771089518,0,0,NA,1355.80798827409,NA,NA,9.96,16.6360294117647,11.577474641483,NA,5.88235294117647,0,0,NA,5.23338048090523,NA,NA
"127",2020-07-22,"MIWayneCounty",79,4384,2869,725,331,1113.32774409787,545.575598434457,1893.70437353962,NA,402.01221085218,759.013282732448,3040.54054054054,NA,26016.8559912056,NA,NA,110.309003557373,90.2240668031435,218.478963974073,NA,23.6477771089518,0,0,NA,1355.80798827409,NA,NA,9.91,16.5374087591241,11.5371209480655,NA,5.88235294117647,0,0,NA,5.2112676056338,NA,NA
"128",2020-07-23,"MIWayneCounty",76,4424,2885,726,331,1120.33734633061,550.553477982217,1904.26529022719,NA,404.162008771176,759.013282732448,3040.54054054054,NA,26310.0036643459,NA,NA,110.401235165699,90.3485137918375,218.478963974073,NA,23.6477771089518,0,0,NA,1355.80798827409,NA,NA,9.85,16.4104882459313,11.473136915078,NA,5.85106382978723,0,0,NA,5.15320334261838,NA,NA
"129",2020-07-24,"MIWayneCounty",87,4463,2890,726,331,1128.36149625494,555.406910541282,1907.56557669206,NA,406.311806690171,759.013282732448,3040.54054054054,NA,26603.1513374863,NA,NA,110.401235165699,90.3485137918375,218.478963974073,NA,23.6477771089518,0,0,NA,1355.80798827409,NA,NA,9.78,16.2670849204571,11.4532871972318,NA,5.82010582010582,0,0,NA,5.09641873278237,NA,NA
"130",2020-07-25,"MIWayneCounty",31,4477,2894,728,333,1131.22067611303,557.149168382998,1910.20580586395,NA,406.311806690171,759.013282732448,3040.54054054054,NA,26603.1513374863,NA,NA,110.770161599001,90.5974077692255,219.799078560019,NA,23.6477771089518,0,0,NA,1355.80798827409,NA,NA,9.79,16.2608889881617,11.5065653075328,NA,5.82010582010582,0,0,NA,5.09641873278237,NA,NA
"131",2020-07-26,"MIWayneCounty",189,4534,2905,728,333,1148.65245008656,564.242646738556,1917.46643608665,NA,410.611402528162,759.013282732448,3040.54054054054,NA,27226.0901429095,NA,NA,110.770161599001,90.5974077692255,219.799078560019,NA,23.6477771089518,0,0,NA,1355.80798827409,NA,NA,9.64,16.0564622849581,11.4629948364888,NA,5.75916230366492,0,0,NA,4.97981157469717,NA,NA
"132",2020-07-27,"MIWayneCounty",42,4552,2912,728,333,1152.52617763623,566.482692535047,1922.08683713746,NA,410.611402528162,759.013282732448,3040.54054054054,NA,27372.6639794797,NA,NA,110.862393207327,90.5974077692255,219.799078560019,NA,23.6477771089518,0,0,NA,1392.45144741664,NA,NA,9.62,15.9929701230228,11.4354395604396,NA,5.75916230366492,0,0,NA,5.08701472556894,NA,NA
"133",2020-07-28,"MIWayneCounty",129,4599,2925,731,333,1164.42405511023,572.331701003665,1930.66758194611,NA,421.36039212314,759.013282732448,3040.54054054054,NA,27665.81165262,NA,NA,111.139088032303,90.9707487353075,219.799078560019,NA,23.6477771089518,0,0,NA,1392.45144741664,NA,NA,9.54,15.8947597303762,11.3846153846154,NA,5.61224489795918,0,0,NA,5.03311258278146,NA,NA
"134",2020-07-29,"MIWayneCounty",240,4650,2947,732,333,1186.55964110837,578.678497427058,1945.18884239152,NA,421.36039212314,759.013282732448,3040.54054054054,NA,28032.2462440454,NA,NA,111.323551248954,91.0951957240015,219.799078560019,NA,23.6477771089518,0,0,NA,1392.45144741664,NA,NA,9.38,15.741935483871,11.2996267390567,NA,5.61224489795918,0,0,NA,4.96732026143791,NA,NA
"135",2020-07-30,"MIWayneCounty",115,4693,2963,733,334,1197.16627606581,584.0297179409,1955.74975907909,NA,421.36039212314,759.013282732448,3040.54054054054,NA,28435.3242946134,NA,NA,111.508014465605,91.2196427126955,220.459135852992,NA,23.6477771089518,0,0,NA,1392.45144741664,NA,NA,9.31,15.6190070317494,11.2723590955113,NA,5.61224489795918,0,0,NA,4.89690721649485,NA,NA
"136",2020-07-31,"MIWayneCounty",114,4730,2969,733,334,1207.68067941492,588.634256522578,1959.71010283693,NA,425.659987961132,834.914611005693,3040.54054054054,NA,28691.8285086112,NA,NA,111.508014465605,91.2196427126955,220.459135852992,NA,23.6477771089518,0,0,NA,1392.45144741664,NA,NA,9.23,15.4968287526427,11.2495789828225,NA,5.55555555555556,0,0,NA,4.85312899106003,NA,NA
"137",2020-08-01,"MIWayneCounty",89,4765,2978,737,334,1215.88929255589,592.989901126867,1965.65061847368,NA,425.659987961132,834.914611005693,3040.54054054054,NA,29094.9065591792,NA,NA,111.876940898908,91.7174306674714,220.459135852992,NA,23.6477771089518,0,0,NA,1392.45144741664,NA,NA,9.2,15.4669464847849,11.2155809267965,NA,5.55555555555556,0,0,NA,4.78589420654912,NA,NA
"138",2020-08-02,"MIWayneCounty",60,4783,2980,737,334,1221.42318905543,595.229946923359,1966.97073305963,NA,427.809785880127,834.914611005693,3040.54054054054,NA,29351.410773177,NA,NA,111.876940898908,91.7174306674714,220.459135852992,NA,23.6477771089518,0,0,NA,1392.45144741664,NA,NA,9.16,15.4087392849676,11.2080536912752,NA,5.52763819095477,0,0,NA,4.74406991260924,NA,NA
"139",2020-08-03,"MIWayneCounty",85,4814,2984,737,335,1229.2628757631,599.087803572873,1969.61096223152,NA,427.809785880127,834.914611005693,3040.54054054054,NA,29461.3411506046,NA,NA,111.969172507233,91.7174306674714,221.119193145965,NA,23.6477771089518,0,0,NA,1392.45144741664,NA,NA,9.11,15.3095139177399,11.2265415549598,NA,5.52763819095477,0,0,NA,4.72636815920398,NA,NA
"140",2020-08-04,"MIWayneCounty",98,4852,2987,740,335,1238.30157337901,603.816789143245,1971.59113411044,NA,429.959583799123,834.914611005693,3040.54054054054,NA,29974.3495786002,NA,NA,112.24586733221,92.0907716335534,221.119193145965,NA,23.6477771089518,0,0,NA,1392.45144741664,NA,NA,9.06,15.2514427040396,11.2152661533311,NA,5.5,0,0,NA,4.64547677261614,NA,NA
"141",2020-08-05,"MIWayneCounty",91,4892,2994,741,335,1246.69464973663,608.794668691004,1976.21153516125,NA,432.109381718119,834.914611005693,3040.54054054054,NA,30414.0710883107,NA,NA,112.338098940536,92.2152186222474,221.119193145965,NA,23.6477771089518,0,0,NA,1392.45144741664,NA,NA,9.01,15.1471790678659,11.189044756179,NA,5.4726368159204,0,0,NA,4.57831325301205,NA,NA
"142",2020-08-06,"MIWayneCounty",87,4930,2997,743,335,1254.71879966096,613.523654261376,1978.19170704017,NA,432.109381718119,834.914611005693,3040.54054054054,NA,30633.931843166,NA,NA,112.707025373838,92.4641125996354,221.119193145965,NA,23.6477771089518,0,0,NA,1429.09490655918,NA,NA,8.98,15.0709939148073,11.1778445111778,NA,5.4726368159204,0,0,NA,4.66507177033493,NA,NA
"143",2020-08-07,"MIWayneCounty",103,4954,3004,743,335,1264.21865531849,616.510381990032,1982.81210809098,NA,432.109381718119,834.914611005693,3040.54054054054,NA,31146.9402711616,NA,NA,112.707025373838,92.4641125996354,221.119193145965,NA,23.6477771089518,0,0,NA,1429.09490655918,NA,NA,8.92,14.9979814291482,11.1517976031957,NA,5.4726368159204,0,0,NA,4.58823529411765,NA,NA
"144",2020-08-08,"MIWayneCounty",91,4987,3010,744,335,1272.61173167612,620.617132616934,1986.77245184882,NA,432.109381718119,834.914611005693,3040.54054054054,NA,31293.5141077318,NA,NA,112.799256982163,92.5885595883294,221.119193145965,NA,23.6477771089518,0,0,NA,1429.09490655918,NA,NA,8.86,14.9187888510126,11.1295681063123,NA,5.4726368159204,0,0,NA,4.56674473067916,NA,NA
"145",2020-08-09,"MIWayneCounty",41,4993,3012,744,335,1276.39322761746,621.363814549097,1988.09256643477,NA,432.109381718119,834.914611005693,3040.54054054054,NA,31366.8010260169,NA,NA,112.799256982163,92.5885595883294,221.119193145965,NA,23.6477771089518,0,0,NA,1429.09490655918,NA,NA,8.84,14.900861205688,11.1221779548473,NA,5.4726368159204,0,0,NA,4.55607476635514,NA,NA
"146",2020-08-10,"MIWayneCounty",103,5018,3025,746,335,1285.893083275,624.474989266447,1996.67331124342,NA,434.259179637114,834.914611005693,3040.54054054054,NA,31623.3052400147,NA,NA,112.983720198814,92.8374535657173,221.119193145965,NA,23.6477771089518,0,0,NA,1429.09490655918,NA,NA,8.79,14.8664806695895,11.0743801652893,NA,5.44554455445545,0,0,NA,4.51911935110081,NA,NA
"147",2020-08-11,"MIWayneCounty",85,5039,3032,748,335,1293.73276998267,627.088376029021,2001.29371229423,NA,436.40897755611,834.914611005693,3040.54054054054,NA,32136.3136680103,NA,NA,113.168183415466,93.0863475431053,221.119193145965,NA,23.6477771089518,0,0,NA,1429.09490655918,NA,NA,8.75,14.844215122048,11.0488126649077,NA,5.41871921182266,0,0,NA,4.44697833523375,NA,NA
"148",2020-08-12,"MIWayneCounty",105,5095,3039,749,335,1303.41708885685,634.057407395885,2005.91411334504,NA,438.558775475105,834.914611005693,3040.54054054054,NA,32649.3220960059,NA,NA,113.260415023791,93.2107945317993,221.119193145965,NA,23.6477771089518,0,0,NA,1429.09490655918,NA,NA,8.69,14.7006869479882,11.0233629483383,NA,5.3921568627451,0,0,NA,4.37710437710438,NA,NA
"149",2020-08-13,"MIWayneCounty",202,5157,3046,749,336,1322.04787373862,641.773120694912,2010.53451439585,NA,440.708573394101,834.914611005693,3040.54054054054,NA,33272.2609014291,NA,NA,113.352646632117,93.2107945317993,221.779250438938,NA,23.6477771089518,0,0,NA,1429.09490655918,NA,NA,8.57,14.5239480318014,11.0308601444517,NA,5.36585365853659,0,0,NA,4.29515418502203,NA,NA
"150",2020-08-14,"MIWayneCounty",115,5198,3050,750,337,1332.65450869606,646.875447231366,2013.17474356774,NA,447.157967151088,834.914611005693,3040.54054054054,NA,33748.6258702822,NA,NA,113.537109848768,93.3352415204933,222.439307731911,NA,23.6477771089518,0,0,NA,1429.09490655918,NA,NA,8.52,14.4286263947672,11.0491803278689,NA,5.28846153846154,0,0,NA,4.23452768729642,NA,NA
"151",2020-08-15,"MIWayneCounty",140,5223,3055,751,337,1345.56693386164,649.986621948715,2016.47503003261,NA,449.307765070083,872.865275142315,3040.54054054054,NA,34188.3473799927,NA,NA,113.629341457093,93.4596885091873,222.439307731911,NA,23.6477771089518,0,0,NA,1429.09490655918,NA,NA,8.44,14.3787095538962,11.0310965630115,NA,5.26315789473684,0,0,NA,4.18006430868167,NA,NA
"152",2020-08-16,"MIWayneCounty",67,5243,3060,751,337,1351.74645161945,652.475561722595,2019.77531649747,NA,451.457562989079,872.865275142315,3040.54054054054,NA,34554.7819714181,NA,NA,113.629341457093,93.4596885091873,222.439307731911,NA,23.6477771089518,0,0,NA,1429.09490655918,NA,NA,8.41,14.3238603852756,11.0130718954248,NA,5.23809523809524,0,0,NA,4.13573700954401,NA,NA
"153",2020-08-17,"MIWayneCounty",74,5272,3063,751,337,1358.57159063554,656.084524394721,2021.75548837639,NA,453.607360908075,872.865275142315,3040.54054054054,NA,35031.1469402712,NA,NA,113.629341457093,93.4596885091873,222.439307731911,NA,23.6477771089518,0,0,NA,1429.09490655918,NA,NA,8.36,14.2450682852807,11.0022853411688,NA,5.21327014218009,0,0,NA,4.07949790794979,NA,NA
"154",2020-08-18,"MIWayneCounty",96,6990,3748,808,357,1367.42582503479,869.884450970998,2473.89473406292,NA,655.688365293662,1328.27324478178,4054.05405405405,NA,33821.9127885672,NA,NA,113.998267890396,100.553166864745,235.640453591372,NA,25.7975750279474,0,0,NA,1062.66031513375,NA,NA,8.34,11.5593705293276,9.52508004268944,NA,3.9344262295082,0,0,NA,3.14192849404117,NA,NA
"155",2020-06-03,"MIWayneWITHDetroit",NA,NA,NA,NA,NA,NA,NA,NA,NA,NA,NA,NA,NA,NA,NA,NA,NA,NA,NA,NA,NA,NA,NA,NA,NA,NA,NA,NA,NA,NA,NA,NA,NA,NA,NA,NA,NA,NA
"156",2020-06-04,"MIWayneWITHDetroit",NA,NA,NA,NA,NA,NA,NA,NA,NA,NA,NA,NA,NA,NA,NA,NA,NA,NA,NA,NA,NA,NA,NA,NA,NA,NA,NA,NA,NA,NA,NA,NA,NA,NA,NA,NA,NA,NA
"157",2020-06-05,"MIWayneWITHDetroit",NA,NA,NA,NA,NA,NA,NA,NA,NA,NA,NA,NA,NA,NA,NA,NA,NA,NA,NA,NA,NA,NA,NA,NA,NA,NA,NA,NA,NA,NA,NA,NA,NA,NA,NA,NA,NA,NA
"158",2020-06-06,"MIWayneWITHDetroit",NA,NA,NA,NA,NA,NA,NA,NA,NA,NA,NA,NA,NA,NA,NA,NA,NA,NA,NA,NA,NA,NA,NA,NA,NA,NA,NA,NA,NA,NA,NA,NA,NA,NA,NA,NA,NA,NA
"159",2020-06-07,"MIWayneWITHDetroit",NA,NA,NA,NA,NA,NA,NA,NA,NA,NA,NA,NA,NA,NA,NA,NA,NA,NA,NA,NA,NA,NA,NA,NA,NA,NA,NA,NA,NA,NA,NA,NA,NA,NA,NA,NA,NA,NA
"160",2020-06-08,"MIWayneWITHDetroit",NA,NA,NA,NA,NA,NA,NA,NA,NA,NA,NA,NA,NA,NA,NA,NA,NA,NA,NA,NA,NA,NA,NA,NA,NA,NA,NA,NA,NA,NA,NA,NA,NA,NA,NA,NA,NA,NA
"161",2020-06-09,"MIWayneWITHDetroit",NA,NA,NA,NA,NA,NA,NA,NA,NA,NA,NA,NA,NA,NA,NA,NA,NA,NA,NA,NA,NA,NA,NA,NA,NA,NA,NA,NA,NA,NA,NA,NA,NA,NA,NA,NA,NA,NA
"162",2020-06-10,"MIWayneWITHDetroit",NA,NA,NA,NA,NA,NA,NA,NA,NA,NA,NA,NA,NA,NA,NA,NA,NA,NA,NA,NA,NA,NA,NA,NA,NA,NA,NA,NA,NA,NA,NA,NA,NA,NA,NA,NA,NA,NA
"163",2020-06-11,"MIWayneWITHDetroit",NA,NA,NA,NA,NA,NA,NA,NA,NA,NA,NA,NA,NA,NA,NA,NA,NA,NA,NA,NA,NA,NA,NA,NA,NA,NA,NA,NA,NA,NA,NA,NA,NA,NA,NA,NA,NA,NA
"164",2020-06-12,"MIWayneWITHDetroit",NA,NA,NA,NA,NA,NA,NA,NA,NA,NA,NA,NA,NA,NA,NA,NA,NA,NA,NA,NA,NA,NA,NA,NA,NA,NA,NA,NA,NA,NA,NA,NA,NA,NA,NA,NA,NA,NA
"165",2020-06-13,"MIWayneWITHDetroit",NA,NA,NA,NA,NA,NA,NA,NA,NA,NA,NA,NA,NA,NA,NA,NA,NA,NA,NA,NA,NA,NA,NA,NA,NA,NA,NA,NA,NA,NA,NA,NA,NA,NA,NA,NA,NA,NA
"166",2020-06-14,"MIWayneWITHDetroit",NA,NA,NA,NA,NA,NA,NA,NA,NA,NA,NA,NA,NA,NA,NA,NA,NA,NA,NA,NA,NA,NA,NA,NA,NA,NA,NA,NA,NA,NA,NA,NA,NA,NA,NA,NA,NA,NA
"167",2020-06-15,"MIWayneWITHDetroit",NA,NA,NA,NA,NA,NA,NA,NA,NA,NA,NA,NA,NA,NA,NA,NA,NA,NA,NA,NA,NA,NA,NA,NA,NA,NA,NA,NA,NA,NA,NA,NA,NA,NA,NA,NA,NA,NA
"168",2020-06-16,"MIWayneWITHDetroit",NA,NA,NA,NA,NA,NA,NA,NA,NA,NA,NA,NA,NA,NA,NA,NA,NA,NA,NA,NA,NA,NA,NA,NA,NA,NA,NA,NA,NA,NA,NA,NA,NA,NA,NA,NA,NA,NA
"169",2020-06-17,"MIWayneWITHDetroit",NA,NA,NA,NA,NA,NA,NA,NA,NA,NA,NA,NA,NA,NA,NA,NA,NA,NA,NA,NA,NA,NA,NA,NA,NA,NA,NA,NA,NA,NA,NA,NA,NA,NA,NA,NA,NA,NA
"170",2020-06-18,"MIWayneWITHDetroit",NA,NA,NA,NA,NA,NA,NA,NA,NA,NA,NA,NA,NA,NA,NA,NA,NA,NA,NA,NA,NA,NA,NA,NA,NA,NA,NA,NA,NA,NA,NA,NA,NA,NA,NA,NA,NA,NA
"171",2020-06-19,"MIWayneWITHDetroit",NA,NA,NA,NA,NA,NA,NA,NA,NA,NA,NA,NA,NA,NA,NA,NA,NA,NA,NA,NA,NA,NA,NA,NA,NA,NA,NA,NA,NA,NA,NA,NA,NA,NA,NA,NA,NA,NA
"172",2020-06-20,"MIWayneWITHDetroit",NA,NA,NA,NA,NA,NA,NA,NA,NA,NA,NA,NA,NA,NA,NA,NA,NA,NA,NA,NA,NA,NA,NA,NA,NA,NA,NA,NA,NA,NA,NA,NA,NA,NA,NA,NA,NA,NA
"173",2020-06-21,"MIWayneWITHDetroit",NA,NA,NA,NA,NA,NA,NA,NA,NA,NA,NA,NA,NA,NA,NA,NA,NA,NA,NA,NA,NA,NA,NA,NA,NA,NA,NA,NA,NA,NA,NA,NA,NA,NA,NA,NA,NA,NA
"174",2020-06-22,"MIWayneWITHDetroit",NA,NA,NA,NA,NA,NA,NA,NA,NA,NA,NA,NA,NA,NA,NA,NA,NA,NA,NA,NA,NA,NA,NA,NA,NA,NA,NA,NA,NA,NA,NA,NA,NA,NA,NA,NA,NA,NA
"175",2020-06-23,"MIWayneWITHDetroit",NA,NA,NA,NA,NA,NA,NA,NA,NA,NA,NA,NA,NA,NA,NA,NA,NA,NA,NA,NA,NA,NA,NA,NA,NA,NA,NA,NA,NA,NA,NA,NA,NA,NA,NA,NA,NA,NA
"176",2020-06-24,"MIWayneWITHDetroit",NA,NA,NA,NA,NA,NA,NA,NA,NA,NA,NA,NA,NA,NA,NA,NA,NA,NA,NA,NA,NA,NA,NA,NA,NA,NA,NA,NA,NA,NA,NA,NA,NA,NA,NA,NA,NA,NA
"177",2020-06-25,"MIWayneWITHDetroit",NA,NA,NA,NA,NA,NA,NA,NA,NA,NA,NA,NA,NA,NA,NA,NA,NA,NA,NA,NA,NA,NA,NA,NA,NA,NA,NA,NA,NA,NA,NA,NA,NA,NA,NA,NA,NA,NA
"178",2020-06-26,"MIWayneWITHDetroit",NA,NA,NA,NA,NA,NA,NA,NA,NA,NA,NA,NA,NA,NA,NA,NA,NA,NA,NA,NA,NA,NA,NA,NA,NA,NA,NA,NA,NA,NA,NA,NA,NA,NA,NA,NA,NA,NA
"179",2020-06-27,"MIWayneWITHDetroit",NA,NA,NA,NA,NA,NA,NA,NA,NA,NA,NA,NA,NA,NA,NA,NA,NA,NA,NA,NA,NA,NA,NA,NA,NA,NA,NA,NA,NA,NA,NA,NA,NA,NA,NA,NA,NA,NA
"180",2020-06-28,"MIWayneWITHDetroit",NA,NA,NA,NA,NA,NA,NA,NA,NA,NA,NA,NA,NA,NA,NA,NA,NA,NA,NA,NA,NA,NA,NA,NA,NA,NA,NA,NA,NA,NA,NA,NA,NA,NA,NA,NA,NA,NA
"181",2020-06-29,"MIWayneWITHDetroit",NA,4489,10245,805,1510,1248.62182082024,514.075522950741,1502.55852938459,NA,NA,NA,NA,NA,24302.3511316194,NA,NA,148.065553071395,92.187746931465,221.460554355366,NA,NA,NA,NA,NA,1867.7213799165,NA,NA,11.8583185559042,17.9327244375139,14.738897022938,NA,NA,NA,NA,NA,7.68535262206148,NA,NA
"182",2020-06-30,"MIWayneWITHDetroit",NA,NA,NA,NA,NA,NA,NA,NA,NA,NA,NA,NA,NA,NA,NA,NA,NA,NA,NA,NA,NA,NA,NA,NA,NA,NA,NA,NA,NA,NA,NA,NA,NA,NA,NA,NA,NA,NA
"183",2020-07-01,"MIWayneWITHDetroit",NA,4517,10298,808,1514,1255.83206822824,517.282053278792,1510.33164817984,NA,NA,NA,NA,NA,24434.1902878488,NA,NA,148.519741884498,92.5313037523276,222.04720483048,NA,NA,NA,NA,NA,1867.7213799165,NA,NA,11.8264014466546,17.8879787469559,14.7018838609439,NA,NA,NA,NA,NA,7.64388489208633,NA,NA
"184",2020-07-02,"MIWayneWITHDetroit",112,4547,10331,812,1516,1262.19071161168,520.717621487418,1515.17151459953,NA,NA,NA,NA,NA,24631.9490221929,NA,NA,148.860383494324,92.9893795134777,222.340530068037,NA,NA,NA,NA,NA,1867.7213799165,NA,NA,11.7938107232818,17.8579283043765,14.6742812893234,NA,NA,NA,NA,NA,7.58251561106155,NA,NA
"185",2020-07-03,"MIWayneWITHDetroit",79,4566,10358,811,1517,1266.67582614106,522.893481352881,1519.13140530655,NA,NA,NA,NA,NA,24873.6541419468,NA,NA,148.860383494324,92.8748605731902,222.487192686815,NA,NA,NA,NA,NA,1867.7213799165,NA,NA,11.7520505580207,17.7617170389838,14.6456844950763,NA,NA,NA,NA,NA,7.50883392226149,NA,NA
"186",2020-07-04,"MIWayneWITHDetroit",NA,NA,NA,NA,NA,NA,NA,NA,NA,NA,NA,NA,NA,NA,NA,NA,NA,NA,NA,NA,NA,NA,NA,NA,NA,NA,NA,NA,NA,NA,NA,NA,NA,NA,NA,NA,NA,NA
"187",2020-07-05,"MIWayneWITHDetroit",NA,NA,NA,NA,NA,NA,NA,NA,NA,NA,NA,NA,NA,NA,NA,NA,NA,NA,NA,NA,NA,NA,NA,NA,NA,NA,NA,NA,NA,NA,NA,NA,NA,NA,NA,NA,NA,NA
"188",2020-07-06,"MIWayneWITHDetroit",NA,4624,10427,816,1516,1278.54150888337,529.535579889558,1529.25112600226,NA,NA,NA,NA,NA,25159.3056471105,NA,NA,149.314572307427,93.4474552746279,222.340530068037,NA,NA,NA,NA,NA,1867.7213799165,NA,NA,11.6785079928952,17.6470588235294,14.5391771362808,NA,NA,NA,NA,NA,7.4235807860262,NA,NA
"189",2020-07-07,"MIWayneWITHDetroit",85,4653,10465,816,1519,1283.36726502258,532.856629157896,1534.82430551583,NA,NA,NA,NA,NA,25291.1448033399,NA,NA,149.598440315616,93.4474552746279,222.780517924372,NA,NA,NA,NA,NA,1889.6945726214,NA,NA,11.6567131165671,17.5370728562218,14.5150501672241,NA,NA,NA,NA,NA,7.47176368375326,NA,NA
"190",2020-07-08,"MIWayneWITHDetroit",158,4683,10499,817,1520,1292.33749408135,536.292197366522,1539.8108345543,NA,NA,NA,NA,NA,25466.9303449791,NA,NA,149.655213917254,93.5619742149154,222.92718054315,NA,NA,NA,NA,NA,1889.6945726214,NA,NA,11.5801959319949,17.4460815716421,14.4775692923136,NA,NA,NA,NA,NA,7.42018981880932,NA,NA
"191",2020-07-09,"MIWayneWITHDetroit",122,4728,10536,817,1520,1299.26387348116,541.445549679461,1545.2373514491,NA,NA,NA,NA,NA,25752.5818501428,NA,NA,149.655213917254,93.5619742149154,222.92718054315,NA,NA,NA,NA,NA,1889.6945726214,NA,NA,11.5184618745903,17.2800338409475,14.4267274107821,NA,NA,NA,NA,NA,7.33788395904437,NA,NA
"192",2020-07-10,"MIWayneWITHDetroit",97,4756,10567,819,1526,1304.77091284003,544.652080007512,1549.78389263123,NA,NA,NA,NA,NA,25862.4478136673,NA,NA,150.109402730356,93.7910120954905,223.807156255821,NA,NA,NA,NA,NA,1867.7213799165,NA,NA,11.5046558175964,17.2203532380151,14.4411848206681,NA,NA,NA,NA,NA,7.22175021240442,NA,NA
"193",2020-07-11,"MIWayneWITHDetroit",106,4779,10601,819,1532,1310.78891461364,547.286015634126,1554.7704216697,NA,NA,NA,NA,NA,26038.2333553065,NA,NA,150.450044340183,93.7910120954905,224.687131968491,NA,NA,NA,NA,NA,1867.7213799165,NA,NA,11.477823977824,17.1374764595104,14.4514668427507,NA,NA,NA,NA,NA,7.17299578059072,NA,NA
"194",2020-07-12,"MIWayneWITHDetroit",NA,NA,NA,NA,NA,NA,NA,NA,NA,NA,NA,NA,NA,NA,NA,NA,NA,NA,NA,NA,NA,NA,NA,NA,NA,NA,NA,NA,NA,NA,NA,NA,NA,NA,NA,NA,NA,NA
"195",2020-07-13,"MIWayneWITHDetroit",NA,NA,NA,NA,NA,NA,NA,NA,NA,NA,NA,NA,NA,NA,NA,NA,NA,NA,NA,NA,NA,NA,NA,NA,NA,NA,NA,NA,NA,NA,NA,NA,NA,NA,NA,NA,NA,NA
"196",2020-07-14,"MIWayneWITHDetroit",NA,4857,10690,822,1532,1331.11386399997,556.218492976553,1567.82339474097,NA,NA,NA,NA,NA,26675.4559437486,NA,NA,150.620365145096,94.1345689163531,224.687131968491,NA,NA,NA,NA,NA,1867.7213799165,NA,NA,11.3153629616992,16.9240271772699,14.3311506080449,NA,NA,NA,NA,NA,7.00164744645799,NA,NA
"197",2020-07-15,"MIWayneWITHDetroit",167,4889,10745,822,1531,1340.59505547349,559.883099065754,1575.88983877378,NA,NA,NA,NA,NA,27092.9466051417,NA,NA,150.563591543459,94.1345689163531,224.540469349713,NA,NA,NA,NA,NA,1867.7213799165,NA,NA,11.2311015118791,16.8132542442217,14.2484876686831,NA,NA,NA,NA,NA,6.89375506893755,NA,NA
"198",2020-07-16,"MIWayneWITHDetroit",145,4929,10795,823,1536,1348.82722771097,564.463856677256,1583.2229697127,NA,NA,NA,NA,NA,27400.5713030103,NA,NA,150.904233153285,94.2490878566406,225.273782443605,NA,NA,NA,NA,NA,1867.7213799165,NA,NA,11.1878104217527,16.6970988030026,14.2288096340899,NA,NA,NA,NA,NA,6.81635926222935,NA,NA
"199",2020-07-17,"MIWayneWITHDetroit",106,4962,10832,823,1536,1354.84522948458,568.242981706745,1588.6494866075,NA,NA,NA,NA,NA,27488.4640738299,NA,NA,150.961006754923,94.2490878566406,225.273782443605,NA,NA,NA,NA,NA,1867.7213799165,NA,NA,11.14230640295,16.5860540104796,14.1802067946824,NA,NA,NA,NA,NA,6.79456434852118,NA,NA
"200",2020-07-18,"MIWayneWITHDetroit",133,5015,10871,824,1541,1362.3961185024,574.312485541984,1594.36932873986,NA,NA,NA,NA,NA,27730.1691935838,NA,NA,151.30164836475,94.3636067969281,226.007095537496,NA,NA,NA,NA,NA,1867.7213799165,NA,NA,11.1055548610243,16.4307078763709,14.1753288565909,NA,NA,NA,NA,NA,6.73534072900159,NA,NA
"201",2020-07-19,"MIWayneWITHDetroit",NA,NA,NA,NA,NA,NA,NA,NA,NA,NA,NA,NA,NA,NA,NA,NA,NA,NA,NA,NA,NA,NA,NA,NA,NA,NA,NA,NA,NA,NA,NA,NA,NA,NA,NA,NA,NA,NA
"202",2020-07-20,"MIWayneWITHDetroit",NA,5051,10925,824,1541,1371.59344196773,578.435167392335,1602.28911015389,NA,NA,NA,NA,NA,27971.8743133377,NA,NA,151.30164836475,94.3636067969281,226.007095537496,NA,NA,NA,NA,NA,1867.7213799165,NA,NA,11.0310857237468,16.3136012670758,14.1052631578947,NA,NA,NA,NA,NA,6.67714061272584,NA,NA
"203",2020-07-21,"MIWayneWITHDetroit",134,5090,10974,825,1541,1379.20110458719,582.901406063549,1609.47557847403,NA,NA,NA,NA,NA,28125.686662272,NA,NA,151.358421966388,94.4781257372157,226.007095537496,NA,NA,NA,NA,NA,1867.7213799165,NA,NA,10.9743547523978,16.2082514734774,14.0422817568799,NA,NA,NA,NA,NA,6.640625,NA,NA
"204",2020-07-22,"MIWayneWITHDetroit",112,5128,11001,826,1542,1385.55974797063,587.253125794475,1613.43546918105,NA,NA,NA,NA,NA,28169.6330476818,NA,NA,151.471969169663,94.5926446775032,226.153758156275,NA,NA,NA,NA,NA,1867.7213799165,NA,NA,10.9321860274534,16.1076443057722,14.0169075538587,NA,NA,NA,NA,NA,6.63026521060842,NA,NA
"205",2020-07-23,"MIWayneWITHDetroit",112,5173,11038,829,1543,1391.91839135406,592.406478107414,1618.86198607585,NA,NA,NA,NA,NA,28411.3381674357,NA,NA,151.699063576215,94.9362014983658,226.300420775053,NA,NA,NA,NA,NA,1867.7213799165,NA,NA,10.8985601827303,16.0255171080611,13.9789816995833,NA,NA,NA,NA,NA,6.5738592420727,NA,NA
"206",2020-07-24,"MIWayneWITHDetroit",106,5213,11057,829,1543,1397.93639312767,596.987235718915,1621.64857583264,NA,NA,NA,NA,NA,28631.0700944847,NA,NA,151.699063576215,94.9362014983658,226.300420775053,NA,NA,NA,NA,NA,1867.7213799165,NA,NA,10.8516427730171,15.9025513140226,13.9549606584064,NA,NA,NA,NA,NA,6.52340752110514,NA,NA
"207",2020-07-25,"MIWayneWITHDetroit",37,5228,11075,832,1546,1400.03701638827,598.705019823229,1624.28850297065,NA,NA,NA,NA,NA,28609.0969017798,NA,NA,152.039705186041,95.2797583192284,226.740408631388,NA,NA,NA,NA,NA,1867.7213799165,NA,NA,10.8596918085969,15.9143075745983,13.9593679458239,NA,NA,NA,NA,NA,6.5284178187404,NA,NA
"208",2020-07-26,"MIWayneWITHDetroit",NA,NA,NA,NA,NA,NA,NA,NA,NA,NA,NA,NA,NA,NA,NA,NA,NA,NA,NA,NA,NA,NA,NA,NA,NA,NA,NA,NA,NA,NA,NA,NA,NA,NA,NA,NA,NA,NA
"209",2020-07-27,"MIWayneWITHDetroit",NA,5311,11136,832,1546,1418.03424810745,608.210091867094,1633.23492271613,NA,NA,NA,NA,NA,29158.4267194023,NA,NA,152.096478787679,95.2797583192284,226.740408631388,NA,NA,NA,NA,NA,1889.6945726214,NA,NA,10.7258677983745,15.6655996987385,13.8829022988506,NA,NA,NA,NA,NA,6.48078372268274,NA,NA
"210",2020-07-28,"MIWayneWITHDetroit",160,5361,11173,835,1550,1427.1180243695,613.936038881471,1638.66143961093,NA,NA,NA,NA,NA,29466.0514172709,NA,NA,152.550667600782,95.623315140091,227.327059106502,NA,NA,NA,NA,NA,1889.6945726214,NA,NA,10.6894219676175,15.5754523409812,13.8727289000269,NA,NA,NA,NA,NA,6.4131245339299,NA,NA
"211",2020-07-29,"MIWayneWITHDetroit",341,5415,11226,836,1551,1446.47782252799,620.120061656997,1646.43455840619,NA,NA,NA,NA,NA,29707.7565370248,NA,NA,152.720988405695,95.7378340803785,227.47372172528,NA,NA,NA,NA,NA,1889.6945726214,NA,NA,10.5581285815213,15.4385964912281,13.8161411010155,NA,NA,NA,NA,NA,6.36094674556213,NA,NA
"212",2020-07-30,"MIWayneWITHDetroit",164,5460,11271,837,1553,1455.78869319659,625.273413969937,1653.03437625122,NA,NA,NA,NA,NA,30059.3276203032,NA,NA,152.948082812246,95.8523530206661,227.767046962837,NA,NA,NA,NA,NA,1911.6677653263,NA,NA,10.506200764371,15.3296703296703,13.778724159347,NA,NA,NA,NA,NA,6.35964912280702,NA,NA
"213",2020-07-31,"MIWayneWITHDetroit",181,5502,11301,837,1553,1466.06471509303,630.083209462013,1657.43425481457,NA,NA,NA,NA,NA,30301.0327400571,NA,NA,153.004856413884,95.8523530206661,227.767046962837,NA,NA,NA,NA,NA,1911.6677653263,NA,NA,10.4364326375712,15.2126499454744,13.7421467126803,NA,NA,NA,NA,NA,6.30891950688905,NA,NA
"214",2020-08-01,"MIWayneWITHDetroit",113,5543,11326,842,1555,1472.48013207811,634.778486013802,1661.10082028403,NA,NA,NA,NA,NA,30608.6574379257,NA,NA,153.345498023711,96.4249477221038,228.060372200394,NA,NA,NA,NA,NA,1911.6677653263,NA,NA,10.4140962368908,15.1903301461303,13.7294720113014,NA,NA,NA,NA,NA,6.24551328068916,NA,NA
"215",2020-08-02,"MIWayneWITHDetroit",NA,NA,NA,NA,NA,NA,NA,NA,NA,NA,NA,NA,NA,NA,NA,NA,NA,NA,NA,NA,NA,NA,NA,NA,NA,NA,NA,NA,NA,NA,NA,NA,NA,NA,NA,NA,NA,NA
"216",2020-08-03,"MIWayneWITHDetroit",NA,5597,11365,842,1556,1484.45936202368,640.962508789329,1666.82066241638,NA,NA,NA,NA,NA,31004.1749066139,NA,NA,153.402271625349,96.4249477221038,228.207034819172,NA,NA,NA,NA,NA,1911.6677653263,NA,NA,10.3338815160439,15.0437734500625,13.6911570611527,NA,NA,NA,NA,NA,6.16583982990787,NA,NA
"217",2020-08-04,"MIWayneWITHDetroit",NA,NA,NA,NA,NA,NA,NA,NA,NA,NA,NA,NA,NA,NA,NA,NA,NA,NA,NA,NA,NA,NA,NA,NA,NA,NA,NA,NA,NA,NA,NA,NA,NA,NA,NA,NA,NA,NA
"218",2020-08-05,"MIWayneWITHDetroit",NA,5684,11403,847,1558,1498.53921522986,650.925656594344,1672.39384192996,NA,NA,NA,NA,NA,31795.2098439903,NA,NA,153.799686836813,96.9975424235414,228.500360056729,NA,NA,NA,NA,NA,1911.6677653263,NA,NA,10.2633074445918,14.9014778325123,13.6630711216347,NA,NA,NA,NA,NA,6.0124395300622,NA,NA
"219",2020-08-06,"MIWayneWITHDetroit",123,5725,11428,850,1560,1505.52236823131,655.620933146133,1676.06040739942,NA,NA,NA,NA,NA,32036.9149637442,NA,NA,154.14032844664,97.341099244404,228.793685294286,NA,NA,NA,NA,NA,1933.6409580312,NA,NA,10.2383286824044,14.8471615720524,13.6506825341267,NA,NA,NA,NA,NA,6.03566529492455,NA,NA
"220",2020-08-07,"MIWayneWITHDetroit",142,5752,11444,850,1559,1513.58421966388,658.712944533896,1678.40700929988,NA,NA,NA,NA,NA,32454.4056251373,NA,NA,154.083554845002,97.341099244404,228.647022675507,NA,NA,NA,NA,NA,1933.6409580312,NA,NA,10.1800450112528,14.7774687065369,13.6228591401608,NA,NA,NA,NA,NA,5.95802301963439,NA,NA
"221",2020-08-08,"MIWayneWITHDetroit",125,5790,11475,851,1561,1520.6809198686,663.064664264823,1682.95355048201,NA,NA,NA,NA,NA,32740.057130301,NA,NA,154.197102048278,97.4556181846916,228.940347913064,NA,NA,NA,NA,NA,1933.6409580312,NA,NA,10.1400037334329,14.6977547495682,13.60348583878,NA,NA,NA,NA,NA,5.90604026845638,NA,NA
"222",2020-08-09,"MIWayneWITHDetroit",NA,NA,NA,NA,NA,NA,NA,NA,NA,NA,NA,NA,NA,NA,NA,NA,NA,NA,NA,NA,NA,NA,NA,NA,NA,NA,NA,NA,NA,NA,NA,NA,NA,NA,NA,NA,NA,NA
"223",2020-08-10,"MIWayneWITHDetroit",NA,5829,11504,853,1561,1531.01371536668,667.530902936037,1687.20676642658,NA,NA,NA,NA,NA,32981.7622500549,NA,NA,154.310649251554,97.6846560652666,228.940347913064,NA,NA,NA,NA,NA,1933.6409580312,NA,NA,10.0789854266326,14.6337279121633,13.5691933240612,NA,NA,NA,NA,NA,5.86275816122585,NA,NA
"224",2020-08-11,"MIWayneWITHDetroit",110,5856,11521,855,1561,1537.25881154684,670.6229143238,1689.70003094581,NA,NA,NA,NA,NA,33597.0116457921,NA,NA,154.424196454829,97.9136939458417,228.940347913064,NA,NA,NA,NA,NA,1933.6409580312,NA,NA,10.0454260073125,14.6004098360656,13.5491710788994,NA,NA,NA,NA,NA,5.75539568345324,NA,NA
"225",2020-08-12,"MIWayneWITHDetroit",134,5918,11547,857,1561,1544.86647416631,677.723088621627,1693.51325903405,NA,NA,NA,NA,NA,34058.448692595,NA,NA,154.537743658105,98.1427318264168,228.940347913064,NA,NA,NA,NA,NA,1933.6409580312,NA,NA,10.0033074859432,14.4812436633998,13.5186628561531,NA,NA,NA,NA,NA,5.67741935483871,NA,NA
"226",2020-08-13,"MIWayneWITHDetroit",262,5987,11570,857,1563,1559.74115779541,685.624895501467,1696.88649926595,NA,NA,NA,NA,NA,34563.8321248077,NA,NA,154.708064463018,98.1427318264168,229.233673150621,NA,NA,NA,NA,NA,1933.6409580312,NA,NA,9.91882939613439,14.3143477534658,13.5090751944685,NA,NA,NA,NA,NA,5.59440559440559,NA,NA
"227",2020-08-14,"MIWayneWITHDetroit",149,6035,11590,858,1564,1568.20042443945,691.121804635269,1699.81975164152,NA,NA,NA,NA,NA,34937.376400791,NA,NA,154.821611666294,98.2572507667043,229.380335769399,NA,NA,NA,NA,NA,1933.6409580312,NA,NA,9.87256534646296,14.2170671085336,13.4943917169974,NA,NA,NA,NA,NA,5.53459119496855,NA,NA
"228",2020-08-15,"MIWayneWITHDetroit",165,6067,11608,859,1565,1577.56806870968,694.78641072447,1702.45967877953,NA,NA,NA,NA,NA,35245.0010986596,NA,NA,154.935158869569,98.3717697069918,229.526998388178,NA,NA,NA,NA,NA,1933.6409580312,NA,NA,9.82113938172527,14.1585627163343,13.4820813232254,NA,NA,NA,NA,NA,5.48628428927681,NA,NA
"229",2020-08-16,"MIWayneWITHDetroit",NA,NA,NA,NA,NA,NA,NA,NA,NA,NA,NA,NA,NA,NA,NA,NA,NA,NA,NA,NA,NA,NA,NA,NA,NA,NA,NA,NA,NA,NA,NA,NA,NA,NA,NA,NA,NA,NA
"230",2020-08-17,"MIWayneWITHDetroit",NA,6123,11642,859,1567,1590.05826107,701.199471380572,1707.446207818,NA,NA,NA,NA,NA,35970.1164579213,NA,NA,155.048706072845,98.3717697069918,229.820323625735,NA,NA,NA,NA,NA,1933.6409580312,NA,NA,9.75113364516014,14.0290707169688,13.4598866174197,NA,NA,NA,NA,NA,5.37568723274282,NA,NA
"231",2020-08-18,"MIWayneWITHDetroit",109,7845,12333,916,1588,1596.24658364852,898.401086555705,1808.79007739386,NA,NA,NA,NA,NA,35354.8670621841,NA,NA,155.332574081034,104.899349303381,232.900238620081,NA,NA,NA,NA,NA,1713.9090309822,NA,NA,9.73111395646607,11.6762268961122,12.8760236763156,NA,NA,NA,NA,NA,4.84773151025482,NA,NA
