"0",""
"0","src <- ""https://www.dshs.state.tx.us/coronavirus/TexasCOVID19CaseCountData.xlsx"" # URL for Daily COVID Data"
"0","lcl <- basename(src)"
"0","download.file(url = src, destfile = lcl) # Downloads the Data"
"2","trying URL 'https://www.dshs.state.tx.us/coronavirus/TexasCOVID19CaseCountData.xlsx'
"
"2","Content type 'application/vnd.openxmlformats-officedocument.spreadsheetml.sheet'"
"2"," length 79126 bytes (77 KB)
"
"2","="
"2","="
"2","="
"2","="
"2","="
"2","="
"2","="
"2","="
"2","="
"2","="
"2","="
"2","="
"2","="
"2","="
"2","="
"2","="
"2","="
"2","="
"2","="
"2","="
"2","="
"2","="
"2","="
"2","="
"2","="
"2","="
"2","="
"2","="
"2","="
"2","="
"2","="
"2","="
"2","="
"2","="
"2","="
"2","="
"2","="
"2","="
"2","="
"2","="
"2","="
"2","="
"2","="
"2","="
"2","="
"2","="
"2","="
"2","="
"2","="
"2","="
"2","
"
"2","downloaded 77 KB

"
"0","read_excel(lcl, sheet = ""Tests"", skip=1) %>% "
"0","  clean_names() %>% "
"0","  slice(1:2) %>% "
"0","  gt() %>%"
"0","  tab_header(title = md(""**Number of People Tested for SARS-CoV-2 in Texas, By Lab Type**""),"
"0","             subtitle = ""Source: Texas Department of State Health Services | As of August 10th at 3:00PM CST"") %>%"
"0","  tab_source_note("
"0","    source_note = ""*Unable to deduplicate figures for Commercial labs."""
"0","  ) %>% "
"0","  tab_footnote(footnote = md(""[Data: From the 'Accessible Dashboard Data' File, under the 'Tests' tab.](https://www.dshs.state.tx.us/coronavirus/additionaldata/)""), locations = cells_title(""subtitle"")) %>% "
"0","    fmt_number(columns=""count"", suffixing=TRUE) %>% "
"0","  cols_label(location=md(""**Location**""),"
"0","             count=md(""**Tests Processed**"")) %>% "
"0","  summary_rows("
"0","    columns = vars(count),"
"0","    fns = list("
"0","      `Total Tests` = ~sum(.)),"
"0","    formatter = fmt_number,"
"0","    decimals=0,"
"0","    use_seps = TRUE"
"0",") %>% "
"0","  tab_options("
"0","    grand_summary_row.background.color = ""#f5f5f5"","
"0","    heading.title.font.weight = ""800"","
"0","  )"
"2","Error: Sheet 'Tests' not found
"
