"0","library(highcharter)"
"0",""
"0","diamonds %>% "
"0","  group_by(cut) %>% "
"0","  summarise(mean_price=mean(price),"
"0","            median_price=median(price)) %>% "
"0","  gt() %>% # Pass The Data To A gt table "
"0","  tab_header(title = md(""**Average Diamond Prices, by Cut**""),"
"0","             subtitle = ""Averages calculated are the mean + median"") %>%"
"0","  tab_source_note("
"0","    source_note = ""Data: diamonds | Source: ggplot2 package"""
"0","  ) %>% "
"0","  fmt_currency(currency = ""USD"","
"0","               columns=c(""mean_price"", ""median_price"")) %>% "
"0","  cols_label(cut=md(""**Cut**""),"
"0","             mean_price=md(""**Mean Price**""),"
"0","             median_price=md(""**Median Price**""))"
