{"chunk_definitions":[{"row":56,"row_count":1,"visible":true,"expansion_state":0,"options":{"engine":"r","label":"setup","include":false},"document_id":"321BB2F0","chunk_id":"csetup_chunk","chunk_label":"setup"},{"row":348,"row_count":1,"visible":true,"expansion_state":0,"options":{"engine":"r","label":"testing_gt_table","echo":false,"message":false,"warning":false},"document_id":"321BB2F0","chunk_id":"ctfgtomig906g","chunk_label":"testing_gt_table"}],"doc_write_time":1600309614,"working_dir":null,"default_chunk_options":{"echo":false}}