{"chunk_definitions":[{"row":38,"row_count":1,"visible":true,"expansion_state":0,"options":{"engine":"r","label":"setup","include":false},"document_id":"3EEE484C","chunk_id":"csetup_chunk","chunk_label":"setup"},{"row":202,"row_count":1,"visible":true,"expansion_state":0,"options":{"engine":"r","eval":false,"label":"unnamed-chunk-67"},"document_id":"C08215A8","chunk_id":"cgs7fup1wxn5w","chunk_label":"unnamed-chunk-2"},{"row":228,"row_count":1,"visible":true,"expansion_state":0,"options":{"engine":"r","label":"fancy_diamonds","echo":false,"message":false,"warning":false,"fig.retina":3},"document_id":"C08215A8","chunk_id":"cabcowrq1apor","chunk_label":"fancy_diamonds"}],"doc_write_time":1600312432,"working_dir":null,"default_chunk_options":{"message":false,"warning":false,"comment":"","cache":false,"fig.retina":3.0},"chunk_rendered_width":700}