{"chunk_definitions":[{"row":24,"row_count":1,"visible":true,"expansion_state":0,"options":{"engine":"r","label":"setup","include":false},"document_id":"3EEE484C","chunk_id":"csetup_chunk","chunk_label":"setup"},{"row":33,"row_count":1,"visible":true,"expansion_state":0,"options":{"engine":"r","label":"xaringan-themer","include":false,"warning":false},"document_id":"3EEE484C","chunk_id":"cot6hqrfv7bf4","chunk_label":"xaringan-themer"}],"doc_write_time":1600104228,"working_dir":null,"default_chunk_options":{}}