"0",""
"0","library(ggplot2)"
"0","library(ggthemes)"
"0",""
"0","diamonds %>%  # Call On Your Dataset"
"0","  ggplot() +  # Draw A Canvas"
"0","  aes(cut, fill = cut) +  # Define How The Data Gets Mapped"
"0","  geom_bar(show.legend = FALSE) +  # Define What Kind of Chart to Draw"
"0","  labs("
"0","    x = ""Cut"",  # Specify X-Axis Label                       "
"0","    y = ""Count"",  # Specify Y-Axis Label"
"0","    title = ""A Fancy diamonds Plot"", # Specify Title Label"
"0","    subtitle = ""A compelling subtitle"", # Specify Subtitle Label"
"0","    caption = ""Source: ggplot2 package | Data: 'diamonds'""  # Specify Source/Caption Label"
"0","  ) +"
"0","  theme_ctp() + # Add The CTP Theme"
"0","  theme(plot.title = element_text(face = ""bold"")) +  # Modify Title's Font Weight"
"0","  ggthemes::scale_fill_tableau(palette = ""Color Blind"") # Add A Color Blind Friendly Palette"
"0",""
