{"chunk_definitions":[{"row":25,"row_count":1,"visible":true,"expansion_state":0,"options":{"engine":"r","echo":true,"message":false,"warning":false,"label":"unnamed-chunk-1"},"document_id":"51B24A8E","chunk_id":"ckpio2u4ub45s","chunk_label":"unnamed-chunk-1"},{"row":49,"row_count":1,"visible":true,"expansion_state":0,"options":{"engine":"r","echo":true,"label":"unnamed-chunk-2"},"document_id":"51B24A8E","chunk_id":"c8lipypslu2bw","chunk_label":"unnamed-chunk-2"},{"row":98,"row_count":1,"visible":true,"expansion_state":0,"options":{"engine":"r","label":"place_data","echo":true,"message":true,"warning":false},"document_id":"51B24A8E","chunk_id":"chmm41nqyo5p0","chunk_label":"place_data"},{"row":128,"row_count":1,"visible":true,"expansion_state":0,"options":{"engine":"r","label":"unnamed-chunk-1"},"document_id":"51B24A8E","chunk_id":"cyjeqri7zxmm6","chunk_label":"unnamed-chunk-4"},{"row":155,"row_count":1,"visible":true,"expansion_state":0,"options":{"engine":"r","message":false,"warning":false,"label":"unnamed-chunk-49"},"document_id":"51B24A8E","chunk_id":"czg9r6ra4mnwz","chunk_label":"unnamed-chunk-5"},{"row":212,"row_count":1,"visible":true,"expansion_state":0,"options":{"engine":"r","fig.width":14,"fig.height":7,"message":false,"warning":false,"label":"unnamed-chunk-51"},"document_id":"51B24A8E","chunk_id":"c735d3naqttht","chunk_label":"unnamed-chunk-6"},{"row":257,"row_count":1,"visible":true,"expansion_state":0,"options":{"engine":"r","message":false,"warning":false,"label":"unnamed-chunk-46"},"document_id":"51B24A8E","chunk_id":"ctmsc8rnjo5uv","chunk_label":"unnamed-chunk-7"},{"row":314,"row_count":1,"visible":true,"expansion_state":0,"options":{"engine":"r","fig.width":14,"fig.height":7,"message":false,"warning":false,"label":"unnamed-chunk-50"},"document_id":"51B24A8E","chunk_id":"c2hf3gahsf4zo","chunk_label":"unnamed-chunk-8"}],"doc_write_time":1599549102,"chunk_rendered_width":700}