[{"name":"htmlwidgets","version":"1.5.1","src":{"file":"\/Library\/Frameworks\/R.framework\/Versions\/4.0\/Resources\/library\/htmlwidgets\/www"},"meta":null,"script":"htmlwidgets.js","stylesheet":null,"head":null,"attachment":null,"package":null,"all_files":true},{"name":"reactable-binding","version":"0.2.0","src":{"file":"\/Library\/Frameworks\/R.framework\/Versions\/4.0\/Resources\/library\/reactable\/htmlwidgets"},"meta":null,"script":"reactable.js","stylesheet":null,"head":null,"attachment":null,"package":null,"all_files":false}]
