"0","knitr::opts_chunk$set(echo = FALSE)"
"0","library(flextable)"
"0","library(geojson)"
"0","library(geojsonsf)"
"0","library(gfonts)"
"0","library(gghighlight)"
"0","library(gt)"
"0","library(highcharter)"
"0","library(janitor)"
"0","library(Knoema)"
"0","library(lubridate)"
"0","library(patchwork)"
"0","library(png)"
"0","library(rcartocolor)"
"0","library(readxl)"
"0","library(RSocrata)"
"0","library(sf)"
"0","library(tidycensus)"
"0","library(tidyverse)"
"0","library(tigris)"
"0","library(tinter)"
"0","library(tmap)"
"0","library(tmaptools)"
"0","library(vroom)"
"0","readRenviron(""~/.Renviron"")"
"0","census_api_key <- Sys.getenv(""CENSUS_API_KEY"")"
"0","census_api_key(key=census_api_key)"
"2","To install your API key for use in future sessions, run this function with `install = TRUE`.
"
"0","options(tigris_use_cache=TRUE)"
