{"chunk_definitions":[{"row":25,"row_count":1,"visible":true,"expansion_state":0,"options":{"engine":"r","echo":true,"message":false,"warning":false,"label":"unnamed-chunk-4"},"document_id":"51B24A8E","chunk_id":"ck1qsejimmjc0","chunk_label":"unnamed-chunk-1"},{"row":49,"row_count":1,"visible":true,"expansion_state":0,"options":{"engine":"r","echo":true,"label":"unnamed-chunk-5"},"document_id":"51B24A8E","chunk_id":"chnn4ep1vp3c7","chunk_label":"unnamed-chunk-2"},{"row":154,"row_count":1,"visible":true,"expansion_state":0,"options":{"engine":"r","message":false,"warning":false,"label":"unnamed-chunk-6"},"document_id":"51B24A8E","chunk_id":"czsts6lzir2g6","chunk_label":"unnamed-chunk-5"},{"row":212,"row_count":1,"visible":true,"expansion_state":0,"options":{"engine":"r","fig.width":14,"fig.height":7,"message":false,"warning":false,"label":"unnamed-chunk-7"},"document_id":"51B24A8E","chunk_id":"c8n10wrxtrshk","chunk_label":"unnamed-chunk-6"}],"doc_write_time":1600306532}