"0","options(htmltools.dir.version = FALSE)"
"0","knitr::opts_chunk$set(message = FALSE, warning = FALSE, comment = """", cache = FALSE, fig.retina = 3)"
"0","library(flipbookr)        # Makes Step-by-Step Code Demos"
"0","library(xaringanExtra)    # Package with Useful Stuff For Making Slides"
"0","library(tidyverse)        # What loads the core set of Modern R Packages, like ggplot2"
"0","library(tidycensus)       # Tidyverse-friendly connection to Census API"
"0","library(janitor)          # Really useful functions for cleaning data"
"0","library(lubridate)        # Makes Working With Dates Pretty Easy"
"0","library(grid)             # Organizes Visual Objects"
"0","library(ggtext)           # Helps with text in ggplot2 objects"
"0","library(cowplot)          # Helps with arranging and layering of ggplot2 objects "
"0","library(hrbrthemes)       # A ppackage I really like with lots of useful functions"
"0","readRenviron(""~/.Renviron"")"
"0","census_api_key <- Sys.getenv(""CENSUS_API_KEY"")"
