{"chunk_definitions":[{"row":56,"row_count":1,"visible":true,"expansion_state":0,"options":{"engine":"r","echo":true,"label":"unnamed-chunk-57"},"document_id":"51B24A8E","chunk_id":"c8lipypslu2bw","chunk_label":"unnamed-chunk-2"},{"row":198,"row_count":1,"visible":true,"expansion_state":0,"options":{"engine":"r","fig.width":14,"fig.height":7,"message":false,"warning":false,"label":"unnamed-chunk-77"},"document_id":"51B24A8E","chunk_id":"c735d3naqttht","chunk_label":"unnamed-chunk-5"}],"doc_write_time":1599004440}